taxpayer_id,income,reported_income,deductions,business_expenses,taxable_income,tax_paid,credits,year,is_fraud
TP000001,89087.23,89087.23,20301.68,445.63,68785.54999999999,14101.04,446.42,2024,0
TP000002,53604.51,53604.51,6459.29,7940.63,47145.22,9664.77,1180.99,2022,0
TP000003,100523.9,100523.9,10651.46,4395.67,89872.44,23366.83,53.07,2022,0
TP000004,202485.57,202485.57,49245.28,28401.64,153240.29,44439.68,898.42,2023,0
TP000005,49646.21,49646.21,13001.65,64.53,36644.56,5496.68,1396.28,2023,0
TP000006,49646.86,49646.86,7723.77,2137.93,41923.09,6288.46,204.42,2023,0
TP000007,211794.18,211794.18,25276.21,35898.87,186517.97,54090.21,1614.26,2024,0
TP000008,110630.13,110630.13,21228.26,2761.91,89401.87000000001,23244.49,157.6,2023,0
TP000009,41127.02,41127.02,10934.89,5087.57,30192.129999999997,4528.82,1154.7,2024,0
TP000010,92415.32,92415.32,10527.12,12222.17,81888.20000000001,16787.08,1970.44,2022,0
TP000011,41326.77,41326.77,11294.47,3141.88,30032.299999999996,4504.84,1668.22,2022,0
TP000012,41250.4,41250.4,7179.06,1728.45,34071.340000000004,5110.7,1873.31,2024,0
TP000013,72661.71,72661.71,8303.82,9227.72,64357.89000000001,13193.37,489.62,2023,0
TP000014,12956.8,12956.8,2278.99,2564.21,10677.81,1601.67,1113.9,2024,0
TP000015,15000.0,12970.28,2500.0,2314.78,10470.28,1887.09,132.38,2024,1
TP000016,38183.93,38183.93,10511.03,2403.13,27672.9,4150.94,791.26,2024,0
TP000017,26628.44,26628.44,5106.55,1410.67,21521.89,3228.28,1122.74,2023,0
TP000018,76987.46,76987.46,19200.89,6596.81,57786.57000000001,11846.25,723.99,2022,0
TP000019,29000.0,21155.35,5800.0,526.5,15355.349999999999,3466.61,1360.96,2024,1
TP000020,19344.38,19344.38,2180.22,1476.44,17164.16,2574.62,1058.23,2024,0
TP000021,193400.61,193400.61,52635.12,444.09,140765.49,40821.99,1363.42,2024,0
TP000022,49980.04,49980.04,12503.78,7682.92,37476.26,5621.44,587.0,2022,0
TP000023,63197.66,63197.66,12054.62,12055.79,51143.04,10484.32,526.78,2024,0
TP000024,19000.0,19152.75,4800.0,16024.49,14352.75,2147.81,397.82,2023,1
TP000025,38734.8,38734.8,9780.62,4178.55,28954.18,4343.13,1060.71,2022,0
TP000026,65430.13,65430.13,14380.82,55713.02,51049.31,10465.11,615.03,2022,1
TP000027,23842.03,23842.03,3532.78,2705.39,20309.25,1908.29,1065.41,2022,1
TP000028,80866.78,80866.78,10163.2,7686.91,70703.58,14494.23,530.11,2024,0
TP000029,37030.2,37030.2,6836.8,1568.59,30193.399999999998,4529.01,1459.86,2022,0
TP000030,47412.68,47412.68,11501.83,3783.46,35910.85,5386.63,746.84,2024,0
TP000031,37000.0,30252.32,7000.0,1834.43,23252.32,4493.68,440.43,2022,1
TP000032,264000.0,229755.98,63700.0,3102.69,166055.98,57956.37,476.01,2024,1
TP000033,59231.11,59231.11,11673.44,6387.88,47557.67,9749.32,1764.77,2024,0
TP000034,25689.34,25689.34,4997.46,4031.27,20691.88,3103.78,380.82,2022,0
TP000035,115616.73,115616.73,26799.56,8192.55,88817.17,23092.46,1727.67,2022,0
TP000036,22546.27,22546.27,5291.0,4437.85,17255.27,1530.42,218.54,2022,1
TP000037,70762.95,70762.95,9768.24,6349.04,60994.71,12503.92,557.09,2022,0
TP000038,12484.76,12484.76,3432.03,188.23,9052.73,1357.91,1711.93,2022,0
TP000039,20690.94,20690.94,2278.44,4135.22,18412.5,2761.88,1937.99,2022,0
TP000040,70086.75,70086.75,9339.92,6807.4,60746.83,12453.1,802.08,2022,0
TP000041,108095.81,108095.81,14368.9,46.6,93726.91,24369.0,1853.04,2023,0
TP000042,68671.85,68671.85,10784.9,9567.25,57886.950000000004,11866.82,1566.72,2024,0
TP000043,54583.2,54583.2,13300.92,1689.86,41282.28,8462.87,1937.42,2024,0
TP000044,47057.1,47057.1,11630.04,573.7,35427.06,5314.06,100.28,2023,0
TP000045,18346.29,18346.29,3679.72,3128.85,14666.570000000002,2199.99,1921.56,2022,0
TP000046,33661.99,33661.99,17542.36,461.31,16119.629999999997,3684.63,1139.35,2024,1
TP000047,41418.75,41418.75,9066.72,5130.8,32352.03,4852.8,1167.34,2024,0
TP000048,139482.97,139482.97,22773.94,7274.47,116709.03,30344.35,628.37,2023,0
TP000049,78817.84,78817.84,14120.78,10588.23,64697.06,13262.9,632.35,2022,0
TP000050,14611.55,14611.55,1488.38,1815.22,13123.169999999998,1968.48,199.96,2024,0
TP000051,77595.69,77595.69,11067.54,4115.68,66528.15,13638.27,1761.73,2022,0
TP000052,43999.53,43999.53,7651.76,1388.16,36347.77,5452.17,1407.08,2024,0
TP000053,34837.94,34837.94,10338.88,5623.54,24499.060000000005,3674.86,1335.73,2024,0
TP000054,97669.15,97669.15,15614.93,12958.52,82054.22,16821.12,268.58,2022,0
TP000055,136598.28,136598.28,37966.47,20282.57,98631.81,25644.27,563.51,2022,0
TP000056,126124.41,126124.41,30714.12,5135.72,95410.29000000001,24806.68,527.97,2023,0
TP000057,31000.0,30596.04,4600.0,5557.21,25996.04,2463.76,667.11,2022,1
TP000058,46752.83,46752.83,10632.65,2449.43,36120.18,5418.03,1103.36,2023,0
TP000059,78042.65,78042.65,16559.2,1746.19,61483.45,12604.11,1382.04,2022,0
TP000060,130670.75,130670.75,27325.61,21811.43,103345.14,26869.74,296.19,2022,0
TP000061,40809.11,40809.11,4422.31,2976.22,36386.8,5458.02,1944.39,2022,0
TP000062,51610.11,51610.11,14439.73,2168.41,37170.380000000005,7619.93,205.59,2024,0
TP000063,24709.23,24709.23,6840.18,2008.25,17869.05,2680.36,309.11,2022,0
TP000064,22995.06,22995.06,6275.84,4489.58,16719.22,2507.88,1762.83,2022,0
TP000065,114693.73,114693.73,15583.68,21206.58,99110.04999999999,25768.61,823.43,2024,0
TP000066,177192.51,177192.51,48340.39,28731.74,128852.12000000001,37367.11,1574.75,2022,0
TP000067,56522.38,56522.38,9976.67,437.76,46545.71,9541.87,399.15,2023,0
TP000068,133629.5,133629.5,22707.89,21929.57,110921.61,28839.62,445.85,2024,0
TP000069,79962.16,79962.16,11084.83,5249.71,68877.33,14119.85,1933.78,2023,0
TP000070,35735.65,35735.65,6083.25,3640.79,29652.4,4447.86,1687.32,2023,0
TP000071,79946.78,79946.78,23012.48,1844.24,56934.3,11671.53,357.14,2023,0
TP000072,204931.13,204931.13,22061.13,24451.2,182870.0,53032.3,1572.86,2023,0
TP000073,58182.46,58182.46,12872.39,5951.17,45310.07,9288.56,1153.18,2023,0
TP000074,209339.98,209339.98,22792.37,18256.85,186547.61000000002,54098.81,1613.02,2024,0
TP000075,7362.86,7362.86,1795.7,1092.57,5567.16,835.07,728.44,2022,0
TP000076,115557.32,115557.32,33485.61,21280.36,82071.71,21338.64,1326.77,2022,0
TP000077,64192.24,64192.24,15659.75,3855.67,48532.49,9949.16,816.79,2023,0
TP000078,47136.08,47136.08,11286.34,5226.57,35849.740000000005,5377.46,1329.86,2023,0
TP000079,64434.77,64434.77,15172.04,11634.41,49262.729999999996,10098.86,601.9,2024,0
TP000080,12209.2,12209.2,3256.74,742.01,8952.460000000001,1342.87,1571.52,2024,0
TP000081,50224.71,50224.71,11598.95,4670.78,38625.759999999995,7918.28,427.4,2023,0
TP000082,79673.32,79673.32,20615.24,15294.6,59058.08,12106.91,1317.7,2023,0
TP000083,195304.52,195304.52,39664.47,24723.24,155640.05,45135.61,1636.85,2022,0
TP000084,39552.49,39552.49,9277.4,1777.02,30275.089999999997,4541.26,48.85,2022,0
TP000085,31357.39,31357.39,9306.47,3833.59,22050.92,3307.64,910.83,2024,0
TP000086,40078.46,40078.46,8622.25,5758.04,31456.21,4718.43,799.31,2022,0
TP000087,124532.46,124532.46,28793.35,138.1,95739.11000000002,24892.17,1540.09,2022,0
TP000088,77885.95,77885.95,19914.2,3408.93,57971.75,11884.21,1391.82,2023,0
TP000089,39190.59,39190.59,4312.68,1953.25,34877.909999999996,5231.69,912.92,2023,0
TP000090,90274.83,90274.83,21080.58,17836.36,69194.25,14184.82,1900.08,2023,0
TP000091,64709.42,64709.42,14399.82,9308.76,50309.6,10313.47,1661.14,2024,0
TP000092,129951.42,129951.42,24584.56,4136.56,105366.86,27395.38,900.14,2022,0
TP000093,34144.52,34144.52,9149.8,1893.73,24994.719999999998,3749.21,969.19,2022,0
TP000094,46067.84,46067.84,7136.81,713.9,38931.03,5839.65,543.43,2023,0
TP000095,43752.91,43752.91,12189.8,705.1,31563.110000000004,4734.47,766.07,2022,0
TP000096,18567.87,18567.87,4480.13,238.52,14087.739999999998,2113.16,1085.22,2023,0
TP000097,75879.07,75879.07,8532.84,12639.8,67346.23000000001,13805.98,1539.59,2024,0
TP000098,73780.09,73780.09,7666.22,12994.99,66113.87,13553.34,953.96,2023,0
TP000099,60119.57,60119.57,9602.45,4689.17,50517.119999999995,10356.01,1671.46,2024,0
TP000100,49628.98,49628.98,12382.59,5420.8,37246.39,5586.96,441.08,2022,0
TP000101,19296.97,19296.97,2983.06,1874.28,16313.910000000002,2447.09,1337.75,2023,0
TP000102,42765.36,42765.36,10470.51,7188.91,32294.85,4844.23,1961.44,2024,0
TP000103,45516.42,45516.42,4797.13,3586.88,40719.29,6107.89,54.2,2024,0
TP000104,31513.72,31513.72,5852.81,5463.54,25660.91,3849.14,520.31,2023,0
TP000105,52626.31,52626.31,7490.41,3440.14,45135.899999999994,9252.86,758.25,2023,0
TP000106,83000.0,74448.26,12400.0,1355.09,62048.259999999995,14406.6,1300.29,2024,1
TP000107,270749.34,270749.34,29254.91,1680.27,241494.43000000002,70033.38,1678.46,2024,0
TP000108,68848.4,68848.4,8983.1,1738.02,59865.299999999996,12272.39,1127.94,2022,0
TP000109,73573.51,73573.51,14200.19,3770.55,59373.31999999999,12171.53,1211.79,2024,0
TP000110,56412.34,56412.34,13746.08,8775.41,42666.259999999995,8746.58,622.08,2024,0
TP000111,12900.01,12900.01,1356.25,804.85,11543.76,1731.56,1916.35,2023,0
TP000112,58617.52,58617.52,16899.09,2325.12,41718.42999999999,8552.28,1661.14,2022,0
TP000113,62829.76,62829.76,7563.46,9706.96,55266.3,11329.59,1200.82,2022,0
TP000114,430000.0,429593.07,111400.0,48624.14,318193.07,52104.72,1295.09,2022,1
TP000115,51334.14,51334.14,13855.86,38717.96,37478.28,7683.05,1414.62,2023,1
TP000116,76209.23,76209.23,10305.58,7952.38,65903.65,13510.25,1231.82,2024,0
TP000117,58234.35,58234.35,14845.58,5414.32,43388.77,8894.7,1184.95,2023,0
TP000118,24000.0,23507.1,6400.0,3905.62,17107.1,1022.81,1220.66,2023,1
TP000119,149381.43,149381.43,24988.42,14768.04,124393.01,32342.18,975.1,2023,0
TP000120,109266.64,109266.64,28361.96,7437.54,80904.68,21035.22,1402.37,2023,0
TP000121,112738.42,112738.42,23805.64,11648.75,88932.78,23122.52,482.71,2023,0
TP000122,28925.82,28925.82,5719.08,4386.11,23206.739999999998,3481.01,1291.81,2023,0
TP000123,183916.19,183916.19,34876.93,634.26,149039.26,43221.39,808.8,2022,0
TP000124,19506.81,19506.81,3145.3,2268.86,16361.510000000002,2454.23,1061.84,2023,0
TP000125,95749.02,95749.02,28660.2,10539.83,67088.82,13753.21,907.49,2023,0
TP000126,345367.55,345367.55,51902.09,8334.13,293465.45999999996,85104.98,239.11,2024,0
TP000127,27107.64,27107.64,7865.97,3741.74,19241.67,2886.25,1477.21,2023,0
TP000128,38061.62,38061.62,9321.94,7434.25,28739.68,4310.95,566.0,2022,0
TP000129,64842.8,64842.8,17282.27,3841.89,47560.53,9749.91,604.54,2024,0
TP000130,40023.4,40023.4,8277.92,2195.77,31745.480000000003,4761.82,1106.72,2024,0
TP000131,17317.44,17317.44,5001.59,2209.25,12315.849999999999,1847.38,205.18,2022,0
TP000132,63250.0,63250.0,13586.91,5937.87,49663.09,10180.93,368.73,2022,0
TP000133,26000.0,19967.82,3900.0,4411.18,16067.82,3261.48,1258.89,2022,1
TP000134,87454.5,87454.5,11399.29,14187.6,76055.20999999999,15591.32,170.36,2022,0
TP000135,28694.5,28694.5,3549.23,4387.06,25145.27,3771.79,1581.48,2022,0
TP000136,206891.03,206891.03,52785.91,15739.36,154105.12,44690.48,594.71,2024,0
TP000137,31997.0,31997.0,9535.31,1954.25,22461.690000000002,3369.25,1219.26,2024,0
TP000138,46274.71,46274.71,5545.87,7059.09,40728.84,6109.33,529.29,2022,0
TP000139,114784.73,89727.63,15084.02,3990.23,74643.61,25922.18,939.82,2022,1
TP000140,22366.25,22366.25,3272.08,3162.39,19094.17,2864.13,908.06,2024,0
TP000141,71823.57,71823.57,10535.42,3800.25,61288.15000000001,12564.07,1179.58,2022,0
TP000142,170367.68,170367.68,31522.76,18555.17,138844.91999999998,40265.03,1816.82,2022,0
TP000143,16547.88,16547.88,1891.12,549.13,14656.760000000002,2198.51,1497.92,2024,0
TP000144,69404.51,69404.51,19727.43,6095.85,49677.079999999994,10183.8,608.18,2023,0
TP000145,73710.92,73710.92,21268.2,7378.05,52442.72,10750.76,160.88,2022,0
TP000146,111910.9,111910.9,31098.31,16440.47,80812.59,21011.27,51.73,2022,0
TP000147,22257.61,22257.61,6507.73,3721.29,15749.880000000001,2362.48,1901.57,2024,0
TP000148,20819.28,20819.28,5502.21,2399.41,15317.07,2297.56,350.38,2024,0
TP000149,90903.45,90903.45,20935.24,16654.84,69968.20999999999,14343.48,1170.66,2024,0
TP000150,75931.56,75931.56,19958.53,14716.38,55973.03,11474.47,816.7,2023,0
TP000151,73159.28,73159.28,17121.23,12550.23,56038.05,11487.8,1387.35,2023,0
TP000152,78996.48,78996.48,18368.0,6326.86,60628.479999999996,12428.84,73.39,2022,0
TP000153,34751.58,34751.58,5661.15,2246.85,29090.43,4363.56,808.35,2024,0
TP000154,72099.54,72099.54,19105.33,16.6,52994.20999999999,10863.81,923.95,2022,0
TP000155,75694.29,75694.29,10409.21,5476.93,65285.079999999994,13383.44,1250.82,2022,0
TP000156,33810.24,33810.24,4757.49,3713.85,29052.75,4357.91,876.23,2024,0
TP000157,266364.14,266364.14,52458.38,1537.96,213905.76,62032.67,1598.63,2024,0
TP000158,87471.33,87471.33,11517.84,9636.52,75953.49,15570.47,186.42,2022,0
TP000159,23085.44,23085.44,4439.09,542.35,18646.35,2796.95,996.75,2024,0
TP000160,101239.36,101239.36,16033.51,14283.08,85205.85,22153.52,965.0,2023,0
TP000161,27453.66,27453.66,4083.63,3026.85,23370.03,3505.5,1843.74,2024,0
TP000162,112382.97,112382.97,28012.41,3068.24,84370.56,9563.15,534.35,2022,1
TP000163,151278.3,151278.3,23685.31,9033.0,127592.98999999999,37001.97,1997.8,2023,0
TP000164,31053.11,31053.11,8479.12,2773.34,22573.989999999998,3386.1,664.88,2024,0
TP000165,129404.82,129404.82,22703.04,24143.12,106701.78,27742.46,1961.55,2022,0
TP000166,83301.74,83301.74,17856.52,3891.23,65445.22,13416.27,87.29,2024,0
TP000167,115571.9,115571.9,22489.74,21113.37,93082.15999999999,24201.36,1976.83,2024,0
TP000168,273056.6,273056.6,80869.43,231519.26,192187.16999999998,55734.28,880.61,2024,1
TP000169,49202.0,49202.0,20785.31,151.03,28416.69,5298.4,530.05,2024,1
TP000170,32761.56,32761.56,7814.97,4257.93,24946.59,3741.99,1704.68,2024,0
TP000171,29389.37,29389.37,5172.58,1861.29,24216.79,3632.52,1518.8,2024,0
TP000172,31174.38,31174.38,3341.26,426.59,27833.120000000003,4174.97,1841.86,2022,0
TP000173,56292.61,44399.99,14036.75,4885.88,30363.239999999998,8662.45,1806.85,2022,1
TP000174,78662.48,78662.48,12969.47,882.9,65693.01,13467.07,861.37,2022,0
TP000175,74708.76,74708.76,15407.43,8455.96,59301.329999999994,12156.77,339.97,2022,0
TP000176,116046.54,116046.54,25750.54,8878.59,90296.0,23476.96,995.33,2024,0
TP000177,60500.17,60500.17,7781.75,5579.93,52718.42,10807.28,510.65,2022,0
TP000178,191535.27,191535.27,53588.06,17822.48,137947.21,40004.69,1093.2,2022,0
TP000179,48449.37,48449.37,9125.24,3348.49,39324.130000000005,5898.62,1277.88,2023,0
TP000180,527621.97,527621.97,125607.11,48207.32,402014.86,116584.31,1998.75,2023,0
TP000181,98768.49,98768.49,11983.65,7533.36,86784.84000000001,17790.89,591.74,2024,0
TP000182,30160.06,30160.06,4796.84,5898.97,25363.22,3804.48,548.96,2024,0
TP000183,25419.86,25419.86,6939.96,3956.91,18479.9,2771.99,1821.23,2024,0
TP000184,88077.99,88077.99,17557.95,15927.24,70520.04000000001,14456.61,1597.72,2024,0
TP000185,50072.63,50072.63,13038.23,2193.23,37034.399999999994,7592.05,501.25,2024,0
TP000186,106000.64,93352.72,26870.54,14434.22,66482.18,20573.83,617.87,2023,1
TP000187,87000.0,87429.68,9300.0,55140.82,78129.68,16011.18,401.59,2024,1
TP000188,56485.37,56485.37,15549.98,4133.12,40935.39,8391.75,545.05,2022,0
TP000189,30411.16,30411.16,4604.07,5015.95,25807.09,3871.06,1612.98,2024,0
TP000190,17820.81,17820.81,4884.32,2866.42,12936.490000000002,1940.47,150.6,2022,0
TP000191,41889.4,41889.4,11395.09,6067.4,30494.31,4574.15,1934.54,2024,0
TP000192,118790.78,93958.42,20569.22,18785.15,73389.2,25537.61,1344.68,2024,1
TP000193,71059.65,71059.65,12521.07,9075.02,58538.579999999994,12000.41,1349.67,2023,0
TP000194,22101.68,22101.68,2320.79,3908.62,19780.89,2967.13,1830.51,2022,0
TP000195,68771.5,68771.5,15785.16,8739.54,52986.34,10862.2,1402.15,2024,0
TP000196,81491.49,81491.49,14803.68,2278.13,66687.81,13671.0,608.73,2023,0
TP000197,29522.68,29522.68,3637.91,1386.39,25884.77,3882.72,777.29,2023,0
TP000198,67709.39,67709.39,15850.58,10063.51,51858.81,10631.06,838.25,2024,0
TP000199,62728.24,62728.24,15388.48,11108.09,47339.759999999995,9704.65,1667.39,2024,0
TP000200,24000.0,23995.55,4400.0,14083.18,19595.55,2945.61,472.23,2023,1
TP000201,79716.34,79716.34,9555.67,10931.98,70160.67,14382.94,1955.69,2023,0
TP000202,93772.57,93772.57,10512.84,5174.02,83259.73000000001,17068.24,1898.02,2023,0
TP000203,142406.51,142406.51,16851.63,6041.05,125554.88,32644.27,1942.19,2022,0
TP000204,139112.97,139112.97,58508.56,6776.72,80604.41,26860.86,414.31,2022,1
TP000205,19887.85,19887.85,5222.76,926.77,14665.089999999998,2199.76,1577.29,2024,0
TP000206,28275.19,28275.19,15892.48,4854.32,12382.71,3814.75,219.85,2022,1
TP000207,90402.59,90402.59,11423.33,6477.21,78979.26,16190.75,1177.71,2022,0
TP000208,90312.28,90312.28,12178.54,946.45,78133.73999999999,16017.42,1052.17,2024,0
TP000209,90403.49,90403.49,10189.52,8105.13,80213.97,16443.86,1187.33,2023,0
TP000210,1305615.58,1305615.58,262125.49,892018.77,1043490.0900000001,302612.13,121.65,2023,1
TP000211,95000.0,94533.77,25500.0,8059.45,69033.77,4663.41,1216.59,2022,1
TP000212,148516.67,148516.67,18599.98,18544.31,129916.69000000002,33778.34,1424.31,2023,0
TP000213,128437.98,128437.98,38393.39,13628.73,90044.59,23411.59,1210.85,2022,0
TP000214,100822.11,100822.11,26074.54,2307.09,74747.57,19434.37,1755.41,2024,0
TP000215,46526.84,46526.84,11360.36,2000.87,35166.479999999996,5274.97,456.99,2023,0
TP000216,109883.43,109883.43,29172.28,8762.77,80711.15,20984.9,625.1,2023,0
TP000217,32265.05,32265.05,7518.45,2415.37,24746.6,3711.99,1845.97,2022,0
TP000218,49540.47,49540.47,5857.91,845.8,43682.56,6552.38,1489.18,2023,0
TP000219,40607.54,40607.54,10653.54,4518.57,29954.0,4493.1,1123.17,2023,0
TP000220,63927.14,63927.14,14959.12,5252.36,48968.02,10038.44,1882.26,2023,0
TP000221,381446.87,381446.87,104370.89,55009.27,277075.98,80352.03,1200.82,2023,0
TP000222,13442.65,13442.65,1622.8,1364.19,11819.85,1772.98,964.38,2022,0
TP000223,103674.16,103674.16,17626.97,75644.81,86047.19,22372.27,1690.31,2024,1
TP000224,16000.0,16478.76,3700.0,8430.23,12778.759999999998,1921.3,1524.82,2023,1
TP000225,41046.24,41046.24,6986.26,1489.2,34059.979999999996,1674.9,1943.62,2022,1
TP000226,143080.18,143080.18,35658.78,6156.25,107421.4,27929.56,681.79,2023,0
TP000227,63033.65,63033.65,10232.09,4089.41,52801.56,10824.32,1192.45,2022,0
TP000228,25280.89,19072.42,3314.73,3814.56,15757.689999999999,3294.92,971.32,2023,1
TP000229,33784.49,33784.49,6177.05,1456.58,27607.44,4141.12,690.35,2022,0
TP000230,103123.05,103123.05,16154.15,13993.51,86968.90000000001,22611.91,1334.27,2022,0
TP000231,33000.0,33379.82,16400.0,6572.12,16979.82,4285.45,274.47,2023,1
TP000232,71194.22,71194.22,11240.81,1708.44,59953.41,12290.45,861.31,2022,0
TP000233,62097.28,62097.28,10931.7,8739.21,51165.58,10488.94,1666.71,2023,0
TP000234,36000.0,28154.53,4100.0,6127.29,24054.53,4722.49,626.12,2023,1
TP000235,332752.84,332752.84,71435.36,47217.56,261317.48000000004,75782.07,230.35,2022,0
TP000236,99422.65,99422.65,29154.69,3417.62,70267.95999999999,14404.93,920.19,2024,0
TP000237,11847.66,11847.66,3364.19,208.83,8483.47,1272.52,486.63,2024,0
TP000238,69505.66,69505.66,12517.27,1093.28,56988.39,11682.62,1491.61,2022,0
TP000239,35262.34,35262.34,5875.19,1185.75,29387.149999999998,4408.07,228.05,2024,0
TP000240,118414.52,118414.52,16433.65,18383.34,101980.87,26515.03,1916.45,2024,0
TP000241,32000.0,31760.65,14400.0,1500.81,17360.65,3511.1,1518.3,2022,1
TP000242,54623.03,54623.03,7397.55,8443.06,47225.479999999996,9681.22,1508.89,2024,0
TP000243,89678.81,89678.81,17019.34,16575.41,72659.47,14895.19,1270.6,2024,0
TP000244,119683.27,119683.27,19704.85,23241.85,99978.42000000001,25994.39,879.53,2023,0
TP000245,22919.95,22919.95,4319.07,1388.13,18600.88,2790.13,112.34,2024,0
TP000246,46000.0,45816.47,5300.0,38150.4,40516.47,6083.25,1728.5,2022,1
TP000247,40947.41,40947.41,9131.34,4152.62,31816.070000000003,4772.41,1108.63,2024,0
TP000248,35501.73,35501.73,9911.21,3193.26,25590.520000000004,3838.58,1303.67,2023,0
TP000249,245822.1,245822.1,54326.97,24649.43,191495.13,55533.59,901.05,2023,0
TP000250,82783.61,82783.61,24543.45,1396.21,58240.16,11939.23,78.28,2024,0
TP000251,21835.51,21835.51,4095.29,1919.0,17740.219999999998,2661.03,317.49,2023,0
TP000252,124777.77,124777.77,35385.4,9668.19,89392.37,23242.02,1357.8,2022,0
TP000253,327000.0,265393.32,84300.0,42334.17,181093.32,70379.19,503.99,2024,1
TP000254,136758.55,136758.55,40054.12,16484.9,96704.43,25143.15,163.0,2024,0
TP000255,17756.45,17756.45,2277.9,1242.32,15478.550000000001,2321.78,1396.96,2023,0
TP000256,41000.0,40644.25,5100.0,5762.01,35544.25,2970.78,255.59,2024,1
TP000257,164971.65,164971.65,43848.11,24375.38,121123.54,35125.83,1052.79,2024,0
TP000258,34000.0,33991.45,8000.0,19446.68,25991.449999999997,3905.15,1895.34,2023,1
TP000259,85396.09,85396.09,11818.91,17078.82,73577.18,15083.32,591.58,2022,0
TP000260,111269.14,111269.14,22424.95,12011.97,88844.19,23099.49,1053.06,2024,0
TP000261,29000.0,28522.7,4800.0,4371.43,23722.7,1288.52,1385.69,2024,1
TP000262,57089.74,57089.74,14946.59,1890.12,42143.149999999994,8639.35,821.72,2024,0
TP000263,4478.24,4478.24,1092.32,868.41,3385.92,507.89,1504.78,2023,0
TP000264,26383.39,26383.39,3873.1,1262.02,22510.29,3376.54,1568.74,2022,0
TP000265,48920.19,48920.19,8490.99,9266.76,40429.200000000004,6064.38,923.36,2023,0
TP000266,22065.56,22065.56,5640.5,2219.38,16425.06,2463.76,324.12,2022,0
TP000267,221002.44,221002.44,57516.29,6117.28,163486.15,47410.98,1282.36,2023,0
TP000268,19070.29,19070.29,4022.08,391.28,15048.210000000001,2257.23,1702.33,2023,0
TP000269,42106.8,42106.8,4917.02,1350.05,37189.78,5578.47,1026.71,2023,0
TP000270,66475.75,66475.75,7866.92,12105.3,58608.83,12014.81,1769.26,2022,0
TP000271,189665.76,189665.76,34704.92,15038.75,154960.84000000003,44938.64,772.33,2022,0
TP000272,18983.21,18983.21,3321.73,107.02,15661.48,2349.22,1678.35,2024,0
TP000273,152000.0,151832.16,25400.0,4435.0,126432.16,21214.19,1411.07,2023,1
TP000274,60000.0,60366.31,39300.0,10936.65,21066.309999999998,9614.59,1454.47,2024,1
TP000275,27304.13,27304.13,5041.73,4238.54,22262.4,3339.36,243.7,2022,0
TP000276,86654.37,86654.37,15941.38,13758.97,70712.98999999999,14496.16,221.72,2023,0
TP000277,70210.12,70210.12,15400.44,230.79,54809.67999999999,11235.98,483.88,2022,0
TP000278,37042.7,37042.7,5862.17,11.59,31180.53,4677.08,1141.33,2022,0
TP000279,63312.73,63312.73,14743.91,1084.09,48568.82000000001,9956.61,135.36,2024,0
TP000280,43991.39,43991.39,9186.12,6919.07,34805.27,5220.79,40.67,2023,0
TP000281,65566.09,65566.09,7127.49,5073.26,58438.6,11979.91,1494.63,2023,0
TP000282,101692.06,101692.06,26206.45,7012.74,75485.61,19626.26,1256.51,2024,0
TP000283,213000.0,212950.17,52600.0,175769.83,160350.17,46499.62,1558.29,2023,1
TP000284,22242.22,22242.22,6587.34,2128.72,15654.880000000001,2348.23,269.71,2024,0
TP000285,329861.02,329861.02,84193.09,30194.13,245667.93000000002,71243.7,87.61,2022,0
TP000286,12560.72,12560.72,3481.31,792.82,9079.41,1361.91,796.45,2024,0
TP000287,53027.82,53027.82,10323.45,388.38,42704.369999999995,8754.4,572.22,2022,0
TP000288,96000.0,95860.93,26200.0,64685.09,69660.93,14283.5,879.47,2023,1
TP000289,74966.27,74966.27,12579.89,2801.0,62386.380000000005,12789.21,734.69,2024,0
TP000290,36382.4,36382.4,5579.03,601.12,30803.370000000003,4620.51,861.21,2022,0
TP000291,50690.93,50690.93,10599.21,31560.09,40091.72,8218.8,852.23,2024,1
TP000292,40360.19,40360.19,7619.26,3609.25,32740.93,4911.14,1823.21,2024,0
TP000293,37365.69,37365.69,11195.89,2051.79,26169.800000000003,3925.47,1895.81,2022,0
TP000294,118146.62,118146.62,27674.28,9598.47,90472.34,23522.81,1499.8,2022,0
TP000295,79667.13,79667.13,23147.91,2274.97,56519.22,11586.44,1562.62,2022,0
TP000296,34395.2,34395.2,4307.86,1623.42,30087.339999999997,4513.1,724.3,2024,0
TP000297,122968.06,122968.06,13093.28,3773.6,109874.78,28567.44,741.93,2023,0
TP000298,76560.73,76560.73,19340.53,8787.97,57220.2,11730.14,796.07,2024,0
TP000299,115000.0,114724.59,63100.0,22039.05,51624.59,25182.98,1123.35,2023,1
TP000300,99082.0,99082.0,25265.21,13951.49,73816.79000000001,15132.44,1223.75,2024,0
TP000301,30847.28,24381.95,8738.9,3030.44,15643.050000000001,3316.26,890.22,2022,1
TP000302,38248.33,38248.33,10024.99,7401.52,28223.340000000004,4233.5,1335.68,2024,0
TP000303,108861.85,108861.85,12300.06,11804.36,96561.79000000001,25106.07,1702.72,2024,0
TP000304,97567.16,97567.16,23602.74,13663.68,73964.42,15162.71,722.98,2022,0
TP000305,59000.0,58881.29,7300.0,2366.8,51581.29,3282.32,737.82,2024,1
TP000306,65766.24,65766.24,8283.54,11630.71,57482.700000000004,8246.86,1051.39,2023,1
TP000307,166397.02,166397.02,44039.95,2454.38,122357.06999999999,35483.55,1284.68,2023,0
TP000308,37000.0,37299.79,23500.0,3859.48,13799.79,4514.21,1005.73,2022,1
TP000309,92751.38,92751.38,24697.67,9610.94,68053.71,13951.01,323.93,2024,0
TP000310,50931.96,50931.96,7389.92,9651.43,43542.04,8926.12,568.1,2022,0
TP000311,50304.76,50304.76,7551.8,6389.28,42752.96,8764.36,250.34,2023,0
TP000312,144209.37,144209.37,32142.2,2694.65,112067.17,29137.46,1183.62,2024,0
TP000313,115882.62,115882.62,15161.95,15267.14,100720.67,26187.37,1210.28,2024,0
TP000314,114784.04,114784.04,12424.09,87287.75,102359.95,26613.59,833.17,2024,1
TP000315,170141.04,170141.04,18044.68,30250.97,152096.36000000002,44107.94,1283.81,2023,0
TP000316,60888.71,60888.71,11970.05,9799.28,48918.66,10028.33,594.87,2022,0
TP000317,103317.53,103317.53,24560.92,3266.5,78756.61,20476.72,928.88,2023,0
TP000318,46713.41,46713.41,10339.17,2920.36,36374.240000000005,5456.14,1468.4,2023,0
TP000319,77600.81,77600.81,22898.05,2029.51,54702.759999999995,11214.07,1123.3,2023,0
TP000320,53953.92,53953.92,8003.93,1322.11,45949.99,9419.75,281.76,2022,0
TP000321,64705.2,64705.2,10226.17,4971.3,54479.03,11168.2,496.54,2022,0
TP000322,96386.9,96386.9,25320.41,18000.28,71066.48999999999,14568.63,379.67,2022,0
TP000323,31114.32,31114.32,6212.07,3203.06,24902.25,3735.34,617.08,2022,0
TP000324,319307.49,319307.49,37681.42,25113.03,281626.07,81671.56,481.46,2024,0
TP000325,26773.99,26773.99,4567.08,270.63,22206.910000000003,3331.04,1764.68,2024,0
TP000326,22666.63,17820.18,5315.42,1295.39,12504.76,2602.68,1455.02,2023,1
TP000327,151219.65,151219.65,26189.35,12115.16,125030.29999999999,36258.79,389.31,2024,0
TP000328,112795.32,112795.32,17790.12,8715.67,95005.20000000001,24701.35,1099.71,2024,0
TP000329,98646.29,98646.29,23288.39,2344.05,75357.9,15448.37,787.81,2023,0
TP000330,99000.0,98980.33,20900.0,7237.57,78080.33,7999.54,274.07,2023,1
TP000331,59290.39,59290.39,29549.72,6158.29,29740.67,8984.71,325.0,2024,1
TP000332,29207.96,29207.96,7239.6,1748.0,21968.36,3295.25,1656.58,2024,0
TP000333,63617.49,63617.49,12594.31,7162.37,51023.18,10459.75,33.27,2023,0
TP000334,34831.26,34831.26,8177.03,6826.22,26654.230000000003,3998.13,1593.51,2024,0
TP000335,130626.29,130626.29,35846.44,16439.59,94779.84999999999,24642.76,531.06,2024,0
TP000336,53228.76,53228.76,13657.48,8262.83,39571.28,8112.11,1442.8,2024,0
TP000337,30933.72,30933.72,6065.79,3243.29,24867.93,3730.19,1549.21,2023,0
TP000338,46000.0,34176.46,6000.0,6303.49,28176.46,6045.2,837.56,2023,1
TP000339,83311.77,83311.77,19836.54,6837.85,63475.23,13012.42,1841.04,2024,0
TP000340,38140.06,38140.06,9362.64,5383.66,28777.42,4316.61,1121.77,2024,0
TP000341,31014.92,31014.92,6068.82,2337.44,24946.1,3741.91,919.33,2024,0
TP000342,72762.05,72762.05,12257.89,5155.73,60504.16,12403.35,1441.85,2024,0
TP000343,72836.56,72836.56,18990.71,3851.05,53845.85,11038.4,1914.67,2023,0
TP000344,39912.52,39912.52,8446.18,1795.0,31466.339999999997,4719.95,595.23,2023,0
TP000345,41075.59,41075.59,9898.4,5670.4,31177.189999999995,4676.58,959.61,2024,0
TP000346,72087.79,72087.79,20670.46,11467.8,51417.329999999994,10540.55,243.75,2024,0
TP000347,18798.5,18798.5,3922.08,3367.79,14876.42,2231.46,690.27,2022,0
TP000348,19419.42,19419.42,3070.03,1117.12,16349.389999999998,2452.41,692.73,2023,0
TP000349,33699.71,33699.71,7791.18,5037.02,25908.53,3886.28,1655.9,2023,0
TP000350,50475.45,50475.45,23861.63,7027.91,26613.819999999996,7381.83,1062.08,2024,1
TP000351,76782.04,76782.04,11253.74,1538.68,65528.299999999996,13433.3,944.81,2024,0
TP000352,194908.4,194908.4,49536.6,201.98,145371.8,42157.82,1858.2,2023,0
TP000353,118910.66,118910.66,27418.25,20943.67,91492.41,23788.03,1301.08,2023,0
TP000354,52683.06,52683.06,8652.33,6805.58,44030.729999999996,9026.3,178.92,2024,0
TP000355,58970.17,58970.17,8635.83,8712.09,50334.34,10318.54,74.6,2022,0
TP000356,26848.8,26848.8,4928.82,4497.74,21919.98,3288.0,72.68,2023,0
TP000357,58993.91,58993.91,15196.37,2198.25,43797.54,8978.5,1744.58,2023,0
TP000358,47527.94,47527.94,13086.75,88.09,34441.19,5166.18,214.6,2023,0
TP000359,77510.98,77510.98,12162.43,15333.21,65348.549999999996,13396.45,987.82,2022,0
TP000360,30890.85,30890.85,8347.08,2891.51,22543.769999999997,3381.57,225.29,2022,0
TP000361,90714.93,90714.93,22336.18,11761.83,68378.75,14017.64,28.17,2023,0
TP000362,204064.45,204064.45,52679.96,23172.79,151384.49000000002,43901.5,350.99,2024,0
TP000363,54884.81,54884.81,15335.29,9077.84,39549.52,8107.65,173.48,2024,0
TP000364,82567.33,82567.33,9831.87,16211.03,72735.46,14910.77,1871.65,2022,0
TP000365,103996.78,103996.78,15823.84,4898.69,88172.94,22924.96,1908.07,2023,0
TP000366,43435.12,43435.12,9403.36,4976.6,34031.76,5104.76,719.1,2022,0
TP000367,71630.34,71630.34,8053.03,1693.7,63577.31,13033.35,810.83,2024,0
TP000368,60480.36,60480.36,17213.99,10738.91,43266.369999999995,8869.61,1380.58,2024,0
TP000369,64740.41,64740.41,18336.17,3820.17,46404.240000000005,9512.87,438.26,2022,0
TP000370,32260.28,32260.28,6311.28,2935.55,25949.0,3892.35,747.25,2024,0
TP000371,61059.75,61059.75,12813.2,5749.73,48246.55,9890.54,1328.19,2022,0
TP000372,89178.8,89178.8,22506.23,12134.42,66672.57,13667.88,1574.74,2024,0
TP000373,191000.0,136179.79,36200.0,26907.7,99979.79000000001,44941.73,1010.97,2024,1
TP000374,128980.52,128980.52,26741.79,4244.42,102238.73000000001,26582.07,883.68,2024,0
TP000375,335000.0,335221.23,47300.0,39096.7,287921.23,52059.79,1026.5,2023,1
TP000376,32406.75,32406.75,6895.58,3621.76,25511.17,3826.68,616.34,2022,0
TP000377,120313.55,120313.55,21558.95,19646.08,98754.6,25676.2,1156.62,2022,0
TP000378,69332.82,69332.82,12808.51,9711.93,56524.310000000005,11587.48,120.51,2022,0
TP000379,345187.27,345187.27,102599.13,32590.59,242588.14,70350.56,359.96,2022,0
TP000380,31362.29,31362.29,7939.85,6136.55,23422.440000000002,3513.37,840.72,2023,0
TP000381,30583.7,30583.7,5801.96,5609.75,24781.74,3717.26,160.5,2024,0
TP000382,37067.13,37067.13,10190.15,985.91,26876.979999999996,4031.55,237.27,2024,0
TP000383,10947.69,10947.69,1955.39,278.83,8992.300000000001,1348.85,1669.64,2022,0
TP000384,39316.36,39316.36,11625.77,3640.73,27690.59,4153.59,848.26,2023,0
TP000385,32620.42,32620.42,8633.71,1614.79,23986.71,3598.01,551.3,2024,0
TP000386,67529.18,67529.18,17091.5,435.12,50437.67999999999,10339.72,1229.85,2022,0
TP000387,78700.5,78700.5,11658.16,1059.17,67042.34,13743.68,892.88,2024,0
TP000388,268588.75,268588.75,64637.83,2614.78,203950.91999999998,59145.77,804.53,2022,0
TP000389,128070.87,128070.87,26632.59,19322.97,101438.28,26373.95,280.27,2023,0
TP000390,37740.05,37740.05,5541.46,6916.97,32198.590000000004,4829.79,1154.95,2024,0
TP000391,29180.86,29180.86,7694.31,1382.61,21486.55,3222.98,1971.39,2024,0
TP000392,89000.0,88746.15,52200.0,5333.66,36546.149999999994,15569.38,991.24,2023,1
TP000393,20823.0,20823.0,6003.63,2795.87,14819.369999999999,2222.91,637.47,2023,0
TP000394,259151.22,259151.22,47075.29,15543.29,212075.93,61502.02,1075.86,2022,0
TP000395,153822.11,153822.11,41511.69,9251.98,112310.41999999998,32570.02,1611.55,2022,0
TP000396,41136.85,41136.85,8740.64,7962.34,32396.21,4859.43,268.19,2022,0
TP000397,15000.0,15206.71,2300.0,1004.44,12906.71,1237.19,1449.17,2022,1
TP000398,176857.2,176857.2,19508.64,13340.97,157348.56,45631.08,79.1,2022,0
TP000399,54631.62,54631.62,7519.1,8322.54,47112.520000000004,9658.07,1117.7,2023,0
TP000400,161176.13,161176.13,22851.2,29238.41,138324.93,40114.23,1817.99,2022,0
TP000401,16721.62,16721.62,4806.33,3217.5,11915.289999999999,1189.94,1407.54,2023,1
TP000402,37067.65,37067.65,10491.08,4092.86,26576.57,3986.49,761.32,2024,0
TP000403,60125.84,60125.84,13813.57,3708.83,46312.27,9494.02,1765.62,2023,0
TP000404,62167.3,62167.3,7442.77,12201.18,54724.53,11218.53,1679.46,2022,0
TP000405,41770.58,41770.58,7273.97,3458.02,34496.61,5174.49,442.55,2022,0
TP000406,98546.12,98546.12,10174.29,10905.34,88371.82999999999,18116.23,1440.02,2023,0
TP000407,25486.49,25486.49,3325.54,1681.42,22160.95,3324.14,1666.73,2023,0
TP000408,53428.33,53428.33,11226.82,10081.55,42201.51,8651.31,1526.72,2023,0
TP000409,65922.59,65922.59,19335.2,8460.43,46587.39,9550.41,336.47,2023,0
TP000410,90359.47,90359.47,12094.9,13017.43,78264.57,16044.24,1833.8,2024,0
TP000411,105798.53,105798.53,31534.81,20254.85,74263.72,19308.57,1678.14,2022,0
TP000412,24349.98,24349.98,7038.06,3254.21,17311.92,2596.79,824.78,2024,0
TP000413,17548.24,17548.24,2567.07,2481.92,14981.170000000002,1009.61,1333.51,2024,1
TP000414,166000.0,166398.61,47000.0,21940.8,119398.60999999999,10550.4,549.48,2023,1
TP000415,78108.27,78108.27,8078.62,12702.86,70029.65000000001,14356.08,1612.34,2022,0
TP000416,33000.0,32899.44,19300.0,633.73,13599.440000000002,4335.8,708.88,2023,1
TP000417,207092.65,207092.65,23982.13,39732.7,183110.52,53102.05,486.42,2024,0
TP000418,65679.34,65679.34,9534.77,8985.48,56144.56999999999,11509.64,1307.47,2024,0
TP000419,153804.52,153804.52,38746.0,2876.16,115058.51999999999,33366.97,1105.4,2022,0
TP000420,63000.0,63197.17,14400.0,8883.56,48797.17,5585.21,1954.66,2022,1
TP000421,311326.77,311326.77,86847.17,57231.34,224479.60000000003,65099.08,1802.55,2024,0
TP000422,244000.0,204067.27,67700.0,23189.32,136367.27,51090.07,1086.06,2024,1
TP000423,49061.44,49061.44,5228.99,9113.32,43832.450000000004,6574.87,1922.94,2024,0
TP000424,130255.97,130255.97,16781.96,21379.97,113474.01000000001,29503.24,1857.75,2023,0
TP000425,100338.1,100338.1,13293.8,4825.7,87044.3,22631.52,778.31,2024,0
TP000426,178957.79,143194.61,29768.91,27044.43,113425.69999999998,43264.78,107.39,2023,1
TP000427,27668.81,27668.81,4051.51,420.67,23617.300000000003,3542.6,1227.73,2024,0
TP000428,104000.0,103656.85,18600.0,84316.48,85056.85,22117.41,456.28,2024,1
TP000429,139628.36,139628.36,40244.88,12059.64,99383.47999999998,25839.7,1321.34,2022,0
TP000430,14661.91,14661.91,3730.48,866.17,10931.43,1639.71,147.01,2023,0
TP000431,23234.49,23234.49,3040.1,3307.09,20194.390000000003,3029.16,1479.31,2023,0
TP000432,11714.87,11714.87,2016.6,214.43,9698.27,1454.74,889.47,2023,0
TP000433,48265.61,48265.61,5813.41,842.69,42452.2,6367.83,1113.97,2024,0
TP000434,106301.41,106301.41,19305.28,558.34,86996.13,22618.99,186.13,2024,0
TP000435,199000.0,199164.35,51200.0,34404.37,147964.35,19533.94,1802.27,2022,1
TP000436,63530.53,63530.53,13620.44,2154.74,49910.09,10231.57,277.68,2023,0
TP000437,220332.37,220332.37,33860.98,6430.83,186471.38999999998,54076.7,551.92,2023,0
TP000438,19849.2,19849.2,3907.24,305.37,15941.960000000001,2391.29,493.18,2024,0
TP000439,15325.82,15325.82,3052.3,1890.19,12273.52,1841.03,270.98,2022,0
TP000440,57271.7,57271.7,16595.32,3805.33,40676.38,8338.66,1608.15,2023,0
TP000441,81409.92,81409.92,15308.69,7011.29,66101.23,13550.75,1302.07,2024,0
TP000442,58328.39,58328.39,7420.82,3740.78,50907.57,10436.05,401.7,2023,0
TP000443,11453.45,11453.45,1552.26,912.24,9901.19,1485.18,1469.75,2024,0
TP000444,55753.97,55753.97,11050.52,6421.51,44703.45,9164.21,752.11,2023,0
TP000445,21087.26,21087.26,3648.16,3930.95,17439.1,2615.86,1994.53,2022,0
TP000446,102307.48,102307.48,24179.61,11255.85,78127.87,20313.25,923.24,2024,0
TP000447,80280.22,80280.22,11394.15,12807.67,68886.07,14121.64,138.32,2023,0
TP000448,28228.75,28228.75,6622.34,785.77,21606.41,3240.96,505.36,2022,0
TP000449,40000.0,39692.06,9600.0,6264.02,30092.059999999998,2401.64,1846.99,2024,1
TP000450,25658.47,25658.47,4712.44,188.67,20946.030000000002,3141.9,1403.27,2024,0
TP000451,57000.0,56945.89,34000.0,10414.28,22945.89,9120.08,1294.0,2022,1
TP000452,128555.22,128555.22,27336.5,16584.43,101218.72,26316.87,1933.62,2023,0
TP000453,27212.16,27212.16,7977.06,16022.53,19235.1,2885.26,1115.99,2024,1
TP000454,89611.35,89611.35,19270.66,7989.36,70340.69,14419.84,1544.68,2024,0
TP000455,39174.99,39174.99,9327.07,1181.09,29847.92,4477.19,965.54,2023,0
TP000456,32000.0,31751.71,16000.0,6107.3,15751.71,3890.24,1568.54,2024,1
TP000457,54960.81,54960.81,10804.48,5234.06,44156.33,9052.05,1393.53,2023,0
TP000458,26155.27,26155.27,2966.92,233.74,23188.35,3478.25,45.17,2023,0
TP000459,38448.72,38448.72,8827.59,5207.03,29621.13,4443.17,1967.8,2022,0
TP000460,22964.34,22964.34,4666.33,2534.85,18298.010000000002,2744.7,852.74,2023,0
TP000461,288306.7,288306.7,42199.77,23355.58,246106.93000000002,71371.01,1280.96,2023,0
TP000462,61587.29,61587.29,11031.3,9082.75,50555.990000000005,10363.98,899.15,2023,0
TP000463,34208.16,34208.16,6081.09,4821.54,28127.070000000003,4219.06,1504.65,2022,0
TP000464,71053.18,71053.18,15309.8,11361.44,55743.37999999999,11427.39,731.59,2022,0
TP000465,54728.37,54728.37,10481.03,2871.63,44247.340000000004,9070.7,1055.43,2024,0
TP000466,50172.6,50172.6,8162.12,3899.81,42010.479999999996,8612.15,228.46,2023,0
TP000467,97863.93,97863.93,26335.53,12083.51,71528.4,14663.32,1411.98,2023,0
TP000468,109755.03,109755.03,31141.51,12954.79,78613.52,20439.52,626.37,2022,0
TP000469,39167.36,39167.36,6308.92,1433.87,32858.44,4928.77,1021.65,2023,0
TP000470,37772.83,37772.83,8283.02,4342.41,29489.81,4423.47,973.34,2024,0
TP000471,48048.14,48048.14,11468.45,6200.71,36579.69,5486.95,1109.83,2023,0
TP000472,9494.45,9494.45,1497.91,355.28,7996.540000000001,1199.48,1238.82,2023,0
TP000473,17815.91,17815.91,5173.18,1726.75,12642.73,1896.41,767.89,2024,0
TP000474,178706.38,178706.38,35935.64,17690.85,142770.74,41403.51,831.26,2023,0
TP000475,223000.0,223233.63,108900.0,3690.97,114333.63,51936.51,1075.22,2022,1
TP000476,49058.62,49058.62,12566.27,5550.01,36492.350000000006,5473.85,990.63,2024,0
TP000477,94963.28,94963.28,11646.51,2169.09,83316.77,17079.94,1646.57,2023,0
TP000478,76803.09,76803.09,16006.43,11624.7,60796.659999999996,12463.32,882.73,2022,0
TP000479,702994.71,702994.71,209460.89,14399.64,493533.81999999995,143124.81,1502.69,2023,0
TP000480,146628.86,146628.86,40317.36,945.18,106311.49999999999,27640.99,1724.4,2022,0
TP000481,54050.06,54050.06,10151.36,10744.69,43898.7,8999.23,473.89,2024,0
TP000482,27877.29,27877.29,6065.67,1954.93,21811.620000000003,3271.74,1265.54,2022,0
TP000483,16561.61,16561.61,3697.05,2599.67,12864.560000000001,1929.68,1610.88,2024,0
TP000484,70457.92,70457.92,11989.34,3960.93,58468.58,11986.06,647.31,2024,0
TP000485,32693.1,32693.1,5182.74,3744.9,27510.36,4126.55,1028.83,2024,0
TP000486,19191.01,19191.01,5047.93,520.42,14143.079999999998,2121.46,823.19,2022,0
TP000487,35694.14,35694.14,16951.26,6189.7,18742.88,3755.93,1656.96,2024,1
TP000488,25204.09,25204.09,4499.94,716.66,20704.15,3105.62,1255.63,2023,0
TP000489,230893.84,230893.84,43961.8,29260.15,186932.03999999998,54210.29,186.19,2024,0
TP000490,121213.87,121213.87,30298.68,16841.54,90915.19,23637.95,909.39,2023,0
TP000491,59493.47,59493.47,9843.66,29.43,49649.81,10178.21,1465.45,2024,0
TP000492,195625.09,195625.09,57597.91,24838.15,138027.18,40027.88,1700.21,2024,0
TP000493,63697.12,63697.12,11436.38,12333.4,52260.740000000005,10713.45,989.43,2023,0
TP000494,30060.66,30060.66,7986.18,2030.63,22074.48,3311.17,1132.28,2023,0
TP000495,202500.83,202500.83,52176.51,36213.41,150324.31999999998,43594.05,91.89,2024,0
TP000496,92000.0,92145.86,49100.0,8469.71,43045.86,14039.39,1916.06,2022,1
TP000497,26113.38,26113.38,7811.53,4749.54,18301.850000000002,2745.28,603.73,2023,0
TP000498,51417.25,51417.25,21365.73,3706.52,30051.52,9289.71,1451.98,2022,1
TP000499,30000.0,29717.92,16100.0,542.05,13617.919999999998,3629.24,452.38,2024,1
TP000500,19806.4,19806.4,3743.67,31.94,16062.730000000001,2409.41,241.19,2023,0
TP000501,125610.61,125610.61,29996.59,12000.84,95614.02,24859.65,178.66,2022,0
TP000502,275828.15,275828.15,33275.99,20276.77,242552.16000000003,70340.13,765.44,2022,0
TP000503,20000.0,16078.02,4500.0,2648.71,11578.02,2263.9,702.38,2022,1
TP000504,93936.6,93936.6,21193.6,2843.91,72743.0,14912.31,1373.13,2022,0
TP000505,35578.11,35578.11,4174.65,714.87,31403.46,4710.52,1179.15,2023,0
TP000506,40550.35,40550.35,6906.01,3482.37,33644.34,5046.65,495.57,2024,0
TP000507,37275.25,37275.25,4355.6,4125.6,32919.65,4937.95,1215.19,2024,0
TP000508,29995.64,29995.64,3160.49,5081.68,26835.15,4025.27,410.89,2024,0
TP000509,62243.99,62243.99,12567.34,9309.75,49676.649999999994,10183.71,109.14,2022,0
TP000510,30799.07,30799.07,6128.32,694.48,24670.75,3700.61,1187.86,2024,0
TP000511,74337.1,74337.1,20646.75,179.41,53690.350000000006,11006.52,632.95,2023,0
TP000512,57515.49,57515.49,15653.58,6538.14,41861.909999999996,8581.69,1365.88,2023,0
TP000513,49000.0,34755.73,14400.0,7619.88,20355.730000000003,5260.47,1845.16,2023,1
TP000514,28968.06,28968.06,5831.91,3641.69,23136.15,3470.42,830.86,2024,0
TP000515,37744.04,37744.04,6811.12,4835.29,30932.920000000002,4639.94,305.36,2022,0
TP000516,109569.35,109569.35,17748.19,11204.66,91821.16,23873.5,1616.12,2024,0
TP000517,89387.29,89387.29,14780.19,10484.01,74607.09999999999,15294.46,1299.68,2024,0
TP000518,27390.62,27390.62,3101.25,3827.43,24289.37,3643.41,1692.94,2022,0
TP000519,64826.25,49388.4,9652.37,11988.03,39736.03,11310.65,1481.32,2022,1
TP000520,109000.0,109218.93,11200.0,2997.23,98018.93,17360.75,1565.97,2024,1
TP000521,15748.11,15748.11,2391.34,1171.25,13356.77,2003.52,1746.92,2024,0
TP000522,92000.0,92474.49,25600.0,14267.52,66874.49,5600.76,1424.65,2024,1
TP000523,35238.73,35238.73,7946.57,3496.72,27292.160000000003,4093.82,110.88,2024,0
TP000524,94511.7,94511.7,12605.62,2973.53,81906.08,16790.75,1788.54,2024,0
TP000525,32512.92,32512.92,7951.22,1485.22,24561.699999999997,3684.25,88.08,2022,0
TP000526,14130.55,14130.55,2104.18,1333.26,12026.369999999999,1803.96,300.17,2022,0
TP000527,16284.45,16284.45,3429.06,2976.63,12855.390000000001,1928.31,838.74,2023,0
TP000528,62222.25,62222.25,9311.72,11397.31,52910.53,10846.66,1651.99,2024,0
TP000529,73701.47,73701.47,12865.45,7400.23,60836.020000000004,12471.38,358.69,2024,0
TP000530,29043.4,29043.4,8605.06,5541.94,20438.340000000004,1981.74,621.4,2022,1
TP000531,99795.06,99795.06,21018.66,159.06,78776.4,16149.16,1127.61,2023,0
TP000532,15847.77,15847.77,3928.9,768.88,11918.87,1787.83,1943.72,2022,0
TP000533,56791.17,56791.17,13998.61,6207.95,42792.56,8772.47,301.13,2023,0
TP000534,22724.23,22724.23,2381.09,2461.24,20343.14,3051.47,1386.92,2022,0
TP000535,35544.16,35544.16,10314.85,10.39,25229.310000000005,3784.4,1698.01,2024,0
TP000536,62188.1,62188.1,10043.51,2552.13,52144.59,10689.64,839.63,2022,0
TP000537,30081.61,30081.61,8859.39,856.56,21222.22,3183.33,87.8,2022,0
TP000538,44018.07,44018.07,12301.18,4575.76,31716.89,4757.53,744.98,2024,0
TP000539,134000.0,133924.87,15700.0,2560.03,118224.87,10144.47,869.97,2022,1
TP000540,37740.4,37740.4,5561.21,1969.98,32179.190000000002,4826.88,1601.63,2024,0
TP000541,116839.17,116839.17,31123.61,7623.79,85715.56,22286.05,467.22,2022,0
TP000542,24000.0,17773.33,3100.0,3735.45,14673.330000000002,3174.93,813.03,2024,1
TP000543,91477.04,91477.04,15702.72,14093.63,75774.31999999999,15533.74,926.69,2022,0
TP000544,189710.57,189710.57,22401.82,30641.93,167308.75,48519.54,1409.41,2024,0
TP000545,8289.0,8289.0,895.76,1385.8,7393.24,1108.99,182.43,2022,0
TP000546,31649.7,31649.7,9294.88,19118.53,22354.82,3353.22,62.16,2023,1
TP000547,95002.43,95002.43,25738.08,10563.39,69264.34999999999,14199.19,189.45,2022,0
TP000548,50897.23,50897.23,22354.81,1423.02,28542.420000000002,7712.98,744.48,2024,1
TP000549,80572.82,80572.82,23165.89,1354.26,57406.93000000001,11768.42,1834.86,2022,0
TP000550,36931.19,36931.19,3854.14,476.21,33077.05,4961.56,886.86,2022,0
TP000551,64168.76,64168.76,7597.31,10873.72,56571.450000000004,11597.15,245.06,2023,0
TP000552,52862.96,52862.96,5821.67,9770.47,47041.29,9643.46,1448.86,2023,0
TP000553,152394.17,152394.17,16138.0,20823.53,136256.17,39514.29,429.43,2022,0
TP000554,73000.0,73389.54,43600.0,6546.51,29789.539999999994,12712.96,1765.56,2023,1
TP000555,78439.44,78439.44,46498.57,4389.09,31940.870000000003,14275.97,498.3,2024,1
TP000556,43066.4,43066.4,11152.87,8522.01,31913.53,4787.03,718.22,2024,0
TP000557,40534.75,40534.75,10388.53,2789.07,30146.22,4521.93,643.21,2023,0
TP000558,42359.73,42359.73,5759.36,2701.51,36600.37,5490.06,1791.53,2023,0
TP000559,82089.2,82089.2,9170.86,16278.8,72918.34,14948.26,1533.68,2022,0
TP000560,42753.76,42753.76,12603.64,856.22,30150.120000000003,4522.52,533.05,2024,0
TP000561,75494.86,75494.86,8393.65,15044.5,67101.21,13755.75,1693.01,2023,0
TP000562,314997.71,314997.71,53852.3,52870.62,261145.41000000003,75732.17,352.2,2024,0
TP000563,120198.49,120198.49,19664.58,17743.82,100533.91,26138.82,1183.12,2024,0
TP000564,46128.27,46128.27,11075.96,8741.85,35052.31,5257.85,1126.22,2022,0
TP000565,156525.02,156525.02,41845.3,25369.61,114679.71999999999,33257.12,1084.25,2022,0
TP000566,43197.58,43197.58,8556.89,779.78,34640.69,5196.1,437.62,2024,0
TP000567,11725.26,11725.26,2293.44,777.93,9431.82,1414.77,1612.89,2023,0
TP000568,26729.71,26729.71,6505.68,4911.75,20224.03,3033.6,647.18,2022,0
TP000569,13404.78,11652.72,1736.49,1889.26,9916.23,1750.24,1921.12,2023,1
TP000570,45197.15,45197.15,10888.34,5985.36,34308.81,5146.32,673.12,2023,0
TP000571,60762.9,60762.9,7734.53,1914.08,53028.37,10870.82,1583.69,2023,0
TP000572,228925.03,228925.03,52615.23,7975.87,176309.8,51129.84,1387.12,2024,0
TP000573,77772.4,77772.4,20018.49,3472.34,57753.90999999999,11839.55,350.7,2023,0
TP000574,50247.68,50247.68,12401.08,2959.76,37846.6,7758.55,3.6,2024,0
TP000575,116253.04,116253.04,33683.11,9104.97,82569.93,21468.18,1930.37,2022,0
TP000576,10209.68,10209.68,1392.77,649.78,8816.91,1322.54,1222.76,2024,0
TP000577,72293.66,54046.68,15406.51,13543.32,38640.17,11661.87,335.77,2022,1
TP000578,110934.16,110934.16,29323.49,14865.72,81610.67,21218.77,671.5,2022,0
TP000579,18345.34,18345.34,2807.62,14947.93,15537.720000000001,2330.66,96.29,2023,1
TP000580,149492.76,149492.76,36852.49,28974.74,112640.27000000002,29286.47,986.16,2023,0
TP000581,78495.54,78495.54,13363.57,5892.62,65131.969999999994,13352.05,1577.46,2024,0
TP000582,42949.04,42949.04,9886.61,5902.58,33062.43,4959.36,147.42,2022,0
TP000583,99332.24,99332.24,15792.01,6331.77,83540.23000000001,17125.75,148.4,2022,0
TP000584,368263.61,282675.51,102224.92,11851.05,180450.59000000003,77151.22,1786.45,2024,1
TP000585,69251.01,69251.01,7354.36,13053.02,61896.649999999994,12688.81,1779.51,2022,0
TP000586,73026.41,73026.41,8084.84,4835.73,64941.57000000001,13313.02,818.56,2024,0
TP000587,41461.12,41461.12,10133.41,6053.11,31327.710000000003,4699.16,563.05,2022,0
TP000588,30337.03,30337.03,3615.66,2383.9,26721.37,4008.21,981.9,2022,0
TP000589,116339.59,116339.59,20029.7,9949.5,96309.89,25040.57,1324.04,2024,0
TP000590,30185.98,30185.98,5918.43,585.53,24267.55,3640.13,1276.38,2022,0
TP000591,63402.15,63402.15,12345.29,1464.7,51056.86,10466.66,941.89,2024,0
TP000592,40858.66,40858.66,6251.41,5245.16,34607.25,5191.09,742.04,2023,0
TP000593,87832.24,87832.24,15272.3,7830.69,72559.94,14874.79,930.12,2022,0
TP000594,78192.55,78192.55,20909.92,8823.98,57282.630000000005,11742.94,1392.94,2022,0
TP000595,137314.88,137314.88,16085.27,9441.53,121229.61,31519.7,1941.41,2024,0
TP000596,39814.52,39814.52,5793.11,485.61,34021.409999999996,5103.21,1045.16,2024,0
TP000597,48247.54,48247.54,11454.62,9035.43,36792.92,5518.94,471.28,2023,0
TP000598,27364.15,27364.15,3168.52,4940.75,24195.63,3629.34,1004.2,2024,0
TP000599,41963.92,41963.92,10914.4,5686.4,31049.519999999997,4657.43,240.56,2023,0
TP000600,80970.52,80970.52,10896.67,15940.96,70073.85,14365.14,1616.92,2022,0
TP000601,109709.46,109709.46,11907.34,1719.55,97802.12000000001,25428.55,403.84,2024,0
TP000602,28631.64,28631.64,3709.96,3407.44,24921.68,3738.25,1454.21,2022,0
TP000603,120052.54,120052.54,14094.83,13358.59,105957.70999999999,27549.0,1713.25,2024,0
TP000604,177107.17,177107.17,33939.3,30939.43,143167.87,41518.68,1246.12,2024,0
TP000605,83000.0,73759.43,21400.0,1875.58,52359.42999999999,12706.07,201.98,2023,1
TP000606,268723.07,268723.07,73494.43,47302.56,195228.64,56616.31,528.27,2024,0
TP000607,32240.18,32240.18,6355.09,21316.87,25885.09,3882.76,1361.63,2023,1
TP000608,22120.86,22120.86,2383.67,3935.63,19737.190000000002,2960.58,475.16,2024,0
TP000609,14429.41,14429.41,2814.36,775.1,11615.05,1742.26,675.73,2023,0
TP000610,198161.07,198161.07,32139.72,33403.88,166021.35,48146.19,1369.7,2022,0
TP000611,101062.31,101062.31,12822.49,19691.37,88239.81999999999,22942.35,1651.65,2023,0
TP000612,57270.0,57270.0,14074.67,6929.43,43195.33,3405.26,1481.89,2024,1
TP000613,74904.92,74904.92,20481.84,12299.65,54423.08,11156.73,317.94,2023,0
TP000614,24333.49,24333.49,5886.61,1963.15,18446.88,2767.03,1048.57,2024,0
TP000615,423624.01,423624.01,44815.03,16331.84,378808.98,109854.6,1673.95,2022,0
TP000616,66394.99,66394.99,7078.65,671.38,59316.340000000004,12159.85,398.22,2023,0
TP000617,65350.2,65350.2,17298.28,6602.02,48051.92,9850.64,247.75,2022,0
TP000618,107003.12,107003.12,15877.94,10460.34,91125.18,23692.55,1921.04,2023,0
TP000619,87974.95,87974.95,19123.65,6154.02,68851.29999999999,14114.52,1788.98,2024,0
TP000620,72000.0,52466.31,19100.0,1294.74,33366.31,10773.86,1929.84,2022,1
TP000621,31812.69,31812.69,7300.25,4311.86,24512.44,3676.87,819.01,2022,0
TP000622,87306.02,87306.02,23828.08,16887.4,63477.94,13012.98,948.19,2022,0
TP000623,269849.48,269849.48,61923.52,200589.25,207925.96,60298.53,1425.48,2024,1
TP000624,175665.35,175665.35,40147.98,14889.63,135517.37,39300.04,697.42,2023,0
TP000625,214175.13,214175.13,30764.5,12942.39,183410.63,53189.08,1247.21,2024,0
TP000626,39776.34,39776.34,4791.55,4069.23,34984.78999999999,5247.72,1686.57,2023,0
TP000627,27127.85,27127.85,5759.01,3221.55,21368.839999999997,3205.33,1368.83,2023,0
TP000628,54142.27,54142.27,6105.48,10702.42,48036.78999999999,9847.54,1722.98,2023,0
TP000629,62603.72,62603.72,14475.48,11922.1,48128.240000000005,9866.29,376.72,2024,0
TP000630,143681.34,143681.34,36365.01,25853.65,107316.32999999999,27902.25,1604.73,2024,0
TP000631,15460.26,12848.71,2795.52,988.18,10053.189999999999,1899.71,518.85,2023,1
TP000632,203544.57,203544.57,36825.24,29991.56,166719.33000000002,48348.61,1989.51,2022,0
TP000633,52764.49,52764.49,8897.86,7528.11,43866.63,8992.66,1276.63,2023,0
TP000634,42552.55,42552.55,11970.26,5717.94,30582.29,4587.34,1690.84,2024,0
TP000635,26643.93,26643.93,16579.87,965.23,10064.060000000001,2896.33,1118.06,2022,1
TP000636,15932.47,15932.47,4610.61,2866.54,11321.86,1698.28,444.51,2022,0
TP000637,115674.61,115674.61,28784.7,7104.39,86889.91,22591.38,662.63,2023,0
TP000638,63000.0,55445.39,13800.0,5888.93,41645.39,10189.78,1888.6,2022,1
TP000639,21000.0,21333.44,4100.0,830.06,17233.44,1319.66,1741.7,2022,1
TP000640,21246.28,21246.28,2708.33,851.11,18537.949999999997,2780.69,1138.81,2023,0
TP000641,45769.46,45769.46,5888.0,7894.26,39881.46,5982.22,161.62,2023,0
TP000642,227570.92,227570.92,51478.03,8048.01,176092.89,51066.94,9.43,2023,0
TP000643,48646.1,48646.1,6901.74,7525.96,41744.36,6261.65,316.87,2022,0
TP000644,17988.46,17988.46,2264.41,1560.36,15724.05,2358.61,858.05,2023,0
TP000645,49188.03,49188.03,8689.72,371.13,40498.31,6074.75,746.2,2022,0
TP000646,48137.71,48137.71,13401.6,7286.58,34736.11,5210.42,35.83,2022,0
TP000647,6922.21,6922.21,1559.83,344.48,5362.38,804.36,688.7,2022,0
TP000648,57329.13,57329.13,6910.55,5771.17,50418.579999999994,10335.81,130.57,2022,0
TP000649,49774.22,49774.22,7945.98,2895.15,41828.240000000005,6274.24,1192.74,2023,0
TP000650,105000.0,104502.38,19500.0,14354.03,85002.38,9804.43,1896.17,2023,1
TP000651,262804.29,262804.29,27285.64,11790.52,235518.64999999997,68300.41,422.38,2022,0
TP000652,147451.12,147451.12,32135.29,4983.4,115315.82999999999,29982.12,1301.08,2022,0
TP000653,48285.62,48285.62,8451.84,6183.66,39833.78,5975.07,1246.27,2024,0
TP000654,24705.45,24705.45,7385.35,3270.85,17320.1,2598.01,39.48,2024,0
TP000655,469000.0,469154.7,57800.0,323603.46,411354.7,119298.62,1390.38,2024,1
TP000656,62778.93,62778.93,6394.72,47028.9,56384.21,11558.76,837.65,2022,1
TP000657,60545.08,60545.08,12249.3,7479.71,48295.78,9900.63,1569.52,2023,0
TP000658,58729.65,58729.65,8206.25,2346.24,50523.4,10357.3,1046.29,2022,0
TP000659,70155.38,70155.38,12037.57,5749.32,58117.810000000005,11914.15,1096.28,2022,0
TP000660,53343.73,53343.73,12676.65,5128.08,40667.08,8336.75,25.5,2022,0
TP000661,37838.05,37838.05,10646.72,6320.71,27191.33,4078.7,298.29,2022,0
TP000662,38658.15,38658.15,9892.82,580.25,28765.33,4314.8,1809.56,2024,0
TP000663,58325.66,58325.66,8529.08,11532.92,49796.58,10208.3,928.55,2022,0
TP000664,38764.5,38764.5,10180.94,6777.12,28583.559999999998,4287.53,720.43,2024,0
TP000665,34000.0,23761.17,5500.0,5000.06,18261.17,4252.32,1294.4,2023,1
TP000666,65195.4,65195.4,11181.37,5707.39,54014.03,11072.88,1756.95,2022,0
TP000667,49000.0,48826.0,8500.0,3346.76,40326.0,4140.84,771.43,2023,1
TP000668,199425.18,199425.18,51846.52,25879.27,147578.66,42797.81,226.11,2024,0
TP000669,7181.22,7181.22,1761.43,1409.77,5419.79,812.97,207.43,2024,0
TP000670,143373.08,143373.08,28177.82,16314.23,115195.25999999998,29950.77,1222.65,2023,0
TP000671,162245.87,162245.87,36062.66,27989.87,126183.20999999999,36593.13,1454.56,2022,0
TP000672,11399.08,11399.08,2241.24,1112.83,9157.84,1373.68,881.38,2022,0
TP000673,45517.4,45517.4,6933.33,2860.66,38584.07,5787.61,1355.86,2024,0
TP000674,44482.33,44482.33,9578.37,5026.61,34903.96,5235.59,1339.69,2023,0
TP000675,19418.68,19418.68,3957.91,2672.95,15460.77,2319.12,865.7,2024,0
TP000676,32136.47,32136.47,4811.32,2222.23,27325.15,4098.77,769.75,2024,0
TP000677,25000.0,24625.54,13600.0,3018.67,11025.54,2665.42,991.67,2022,1
TP000678,243243.03,243243.03,27966.39,23917.99,215276.64,62430.23,1940.29,2022,0
TP000679,126568.98,126568.98,25489.2,13935.13,101079.78,26280.74,1634.21,2022,0
TP000680,165585.69,165585.69,31762.47,26535.48,133823.22,38808.73,1713.18,2023,0
TP000681,106653.19,106653.19,17407.11,20918.33,89246.08,23203.98,35.54,2023,0
TP000682,24264.23,20827.36,4427.44,2703.67,16399.920000000002,2975.52,1275.08,2024,1
TP000683,39355.22,39355.22,8361.67,5152.35,30993.550000000003,4649.03,681.71,2022,0
TP000684,88565.68,88565.68,23320.91,14955.51,65244.76999999999,13375.18,1534.83,2024,0
TP000685,22523.12,22523.12,4383.6,2960.29,18139.519999999997,2720.93,228.05,2024,0
TP000686,105915.7,105915.7,15288.87,7231.02,90626.83,23562.98,1928.87,2023,0
TP000687,49401.68,49401.68,27058.62,3694.16,22343.06,5857.52,1485.02,2023,1
TP000688,44362.21,44362.21,5385.23,5419.75,38976.979999999996,5846.55,1860.43,2023,0
TP000689,105743.11,105743.11,15133.73,17438.18,90609.38,23558.44,675.87,2023,0
TP000690,85426.42,85426.42,9337.11,10819.09,76089.31,15598.31,246.44,2023,0
TP000691,44856.65,44856.65,8589.04,5286.95,36267.61,5440.14,1927.71,2022,0
TP000692,151367.18,151367.18,31192.67,1470.43,120174.51,34850.61,1677.63,2023,0
TP000693,25213.87,25213.87,7182.78,3938.82,18031.09,2704.66,1383.64,2022,0
TP000694,98002.52,98002.52,24118.32,2516.35,73884.20000000001,15146.26,1201.09,2023,0
TP000695,96228.51,96228.51,19324.8,7403.1,76903.70999999999,15765.26,1831.82,2022,0
TP000696,46740.34,46740.34,7231.63,9007.74,39508.71,5926.31,905.69,2022,0
TP000697,77722.99,77722.99,9920.25,9366.0,67802.74,13899.56,1024.59,2024,0
TP000698,22006.85,22006.85,4611.78,1381.64,17395.07,2609.26,1107.16,2022,0
TP000699,125394.7,125394.7,17577.56,15653.46,107817.14,28032.46,690.59,2024,0
TP000700,51641.37,51641.37,6534.41,7337.17,45106.96000000001,9246.93,355.63,2024,0
TP000701,39000.0,39411.84,9400.0,28570.12,30011.839999999997,4499.67,1885.35,2024,1
TP000702,138580.6,138580.6,25428.93,20728.02,113151.67000000001,29419.43,571.86,2023,0
TP000703,34000.0,34082.01,14200.0,3563.14,19882.010000000002,3774.61,533.96,2022,1
TP000704,19000.0,16262.8,5800.0,2652.09,10462.8,2047.0,1507.19,2022,1
TP000705,17234.99,17234.99,2959.88,1560.09,14275.11,2141.27,1351.05,2024,0
TP000706,97227.41,97227.41,26540.0,14436.57,70687.41,14490.92,475.19,2024,0
TP000707,21496.74,21496.74,3386.33,2856.89,18110.410000000003,2716.56,775.11,2024,0
TP000708,243734.63,243734.63,39614.38,141667.07,204120.25,59194.87,1720.89,2023,1
TP000709,11321.47,11321.47,3011.47,2063.87,8310.0,1246.5,1295.26,2024,0
TP000710,232620.84,232620.84,48692.9,28072.08,183927.94,53339.1,1928.58,2023,0
TP000711,71000.0,70884.99,44000.0,13942.42,26884.990000000005,11773.9,81.27,2023,1
TP000712,55416.33,55416.33,11710.56,1441.56,43705.770000000004,8959.68,510.03,2023,0
TP000713,38718.19,38718.19,7482.92,28603.15,31235.270000000004,4685.29,1250.73,2024,1
TP000714,82397.38,82397.38,13202.61,13017.27,69194.77,14184.93,145.76,2024,0
TP000715,58098.33,58098.33,9503.25,2555.89,48595.08,9961.99,136.35,2024,0
TP000716,144732.36,144732.36,19086.45,15720.25,125645.90999999999,32667.94,698.81,2022,0
TP000717,65603.36,65603.36,15263.73,4343.82,50339.630000000005,10319.62,1900.62,2024,0
TP000718,67524.21,67524.21,13916.72,13459.35,53607.490000000005,10989.54,1962.27,2022,0
TP000719,44761.79,44761.79,5503.21,3097.58,39258.58,5888.79,1284.53,2024,0
TP000720,57207.68,57207.68,8510.53,456.26,48697.15,9982.92,762.75,2022,0
TP000721,76591.5,76591.5,13570.11,8275.52,63021.39,12919.38,1822.67,2023,0
TP000722,15242.84,15242.84,3092.19,1550.92,12150.65,1822.6,592.87,2024,0
TP000723,20362.53,20362.53,2820.26,2092.84,17542.269999999997,2631.34,334.79,2024,0
TP000724,108511.48,108511.48,22422.94,13605.89,86088.54,22383.02,1259.03,2022,0
TP000725,68644.23,68644.23,18739.2,5823.91,49905.03,5715.02,1493.78,2022,1
TP000726,51679.34,36736.45,5413.44,7409.46,31323.01,9484.51,1116.17,2024,1
TP000727,60763.66,60763.66,16061.29,11070.98,44702.37,9163.99,902.25,2023,0
TP000728,79068.15,79068.15,14754.51,267.11,64313.63999999999,13184.3,1069.67,2024,0
TP000729,38878.33,38878.33,9488.53,491.71,29389.800000000003,4408.47,91.03,2022,0
TP000730,32123.92,32123.92,5510.54,3230.62,26613.379999999997,3992.01,1371.76,2024,0
TP000731,70029.8,70029.8,8214.57,10718.4,61815.23,12672.12,790.23,2024,0
TP000732,27372.71,27372.71,2905.99,855.8,24466.72,3670.01,1493.51,2024,0
TP000733,83000.52,83000.52,13196.73,10525.22,69803.79000000001,14309.78,1773.96,2024,0
TP000734,15000.0,15335.61,6700.0,2936.44,8635.61,1772.21,1193.31,2024,1
TP000735,136396.93,136396.93,28575.85,2322.21,107821.07999999999,28033.48,1482.86,2024,0
TP000736,87384.92,87384.92,14747.98,7211.96,72636.94,14890.57,1025.11,2022,0
TP000737,73484.06,73484.06,10052.51,9066.24,63431.549999999996,13003.47,229.25,2024,0
TP000738,131419.9,131419.9,34160.24,22400.55,97259.66,25287.51,1864.74,2024,0
TP000739,226926.07,226926.07,43627.23,24946.65,183298.84,53156.66,134.73,2022,0
TP000740,134793.07,134793.07,18801.41,15652.05,115991.66,30157.83,714.28,2024,0
TP000741,13729.48,13729.48,3172.81,274.71,10556.67,1583.5,1800.24,2023,0
TP000742,21511.4,21511.4,4241.45,1412.64,17269.95,2590.49,1386.92,2022,0
TP000743,36320.77,36320.77,7740.33,2647.74,28580.439999999995,4287.07,856.61,2022,0
TP000744,61137.02,61137.02,9943.51,9606.58,51193.509999999995,10494.67,1281.68,2023,0
TP000745,90592.55,90592.55,24280.8,2433.42,66311.75,13593.91,1755.77,2023,0
TP000746,33503.49,33503.49,6334.56,5191.48,27168.929999999997,4075.34,217.67,2024,0
TP000747,69523.03,69523.03,15387.22,11704.8,54135.81,11097.84,280.0,2024,0
TP000748,32718.43,32718.43,4557.23,4800.09,28161.2,4224.18,1454.85,2022,0
TP000749,36709.31,36709.31,9908.48,4637.31,26800.829999999998,4020.12,1157.8,2024,0
TP000750,19431.9,19431.9,2770.06,142.46,16661.84,2499.28,1787.97,2024,0
TP000751,28607.19,28607.19,5561.83,4435.24,23045.36,3456.8,446.61,2024,0
TP000752,20305.61,20305.61,5008.28,1181.78,15297.330000000002,2294.6,1020.82,2023,0
TP000753,27427.5,27427.5,4738.73,58.1,22688.77,3403.32,1928.0,2024,0
TP000754,139095.14,139095.14,63113.52,21064.74,75981.62000000002,27599.76,1318.83,2022,1
TP000755,28014.59,28014.59,6924.76,2709.03,21089.83,3163.47,437.64,2023,0
TP000756,491838.48,491838.48,71980.55,26004.2,419857.93,121758.8,1337.17,2024,0
TP000757,88845.51,88845.51,25014.03,6419.11,63831.479999999996,13085.45,909.29,2022,0
TP000758,69000.0,69415.74,7500.0,57889.18,61915.740000000005,12693.63,1088.7,2022,1
TP000759,30131.12,30131.12,5282.95,2281.04,24848.17,3727.23,1796.45,2022,0
TP000760,104846.0,104846.0,21318.61,7891.31,83527.39,21717.12,1032.74,2023,0
TP000761,37778.28,37778.28,9952.59,2606.95,27825.69,4173.85,1774.34,2022,0
TP000762,66013.06,66013.06,13226.86,1834.74,52786.2,10821.17,154.18,2024,0
TP000763,464198.54,464198.54,72490.13,13948.28,391708.41,113595.44,1204.04,2022,0
TP000764,55445.29,55445.29,12875.61,4597.68,42569.68,8726.78,226.68,2024,0
TP000765,150154.29,150154.29,29394.64,6327.62,120759.65000000001,35020.3,1666.73,2022,0
TP000766,34113.85,34113.85,5073.89,872.53,29039.96,4355.99,269.45,2024,0
TP000767,58000.0,58221.45,6300.0,50593.2,51921.45,10648.31,810.91,2024,1
TP000768,246875.76,246875.76,56170.29,43376.51,190705.47,55304.59,1642.61,2022,0
TP000769,36258.4,36258.4,5196.51,4398.33,31061.89,4659.28,963.34,2022,0
TP000770,255239.82,255239.82,67912.35,30671.59,187327.47,54324.97,1640.91,2022,0
TP000771,105472.08,105472.08,23693.5,10775.13,81778.58,21262.43,1371.18,2023,0
TP000772,38178.45,38178.45,8372.79,525.66,29805.659999999996,4470.85,264.43,2022,0
TP000773,99302.52,99302.52,13949.0,17071.92,85353.52,17497.47,839.59,2022,0
TP000774,130358.49,130358.49,28822.55,4625.7,101535.94,26399.34,1199.63,2024,0
TP000775,98464.17,98464.17,19758.4,2314.23,78705.76999999999,16134.68,260.66,2024,0
TP000776,17048.55,17048.55,3543.66,4.09,13504.89,2025.73,1357.12,2023,0
TP000777,33466.17,33466.17,6840.78,2479.02,26625.39,1564.75,1579.11,2023,1
TP000778,49118.21,49118.21,8355.18,7904.31,40763.03,6114.45,1674.38,2024,0
TP000779,56412.91,56412.91,6743.79,1510.55,49669.12,10182.17,465.03,2022,0
TP000780,98374.58,98374.58,15410.71,17250.3,82963.87,17007.59,378.04,2024,0
TP000781,69020.64,69020.64,17167.44,98.2,51853.2,10629.91,1039.52,2023,0
TP000782,20572.79,20572.79,4750.45,2829.86,15822.34,2373.35,724.54,2022,0
TP000783,81158.42,81158.42,15031.7,9501.54,66126.72,13555.98,1072.21,2024,0
TP000784,97583.98,97583.98,16894.6,5378.06,80689.38,16541.32,1509.94,2023,0
TP000785,93698.02,93698.02,19716.03,10448.5,73981.99,15166.31,1118.19,2023,0
TP000786,142148.08,142148.08,21429.61,8718.03,120718.46999999999,31386.8,1410.99,2024,0
TP000787,116673.85,116673.85,62301.32,20157.29,54372.530000000006,26464.01,323.59,2022,1
TP000788,86451.95,86451.95,17434.65,13591.65,69017.29999999999,14148.55,1228.05,2024,0
TP000789,56605.84,56605.84,13662.27,1819.74,42943.56999999999,8803.43,10.58,2022,0
TP000790,15854.86,15854.86,4196.01,1495.65,11658.85,1748.83,176.28,2023,0
TP000791,84000.0,84431.39,12200.0,1351.57,72231.39,9956.3,1312.35,2023,1
TP000792,70696.42,70696.42,17131.24,8447.83,53565.17999999999,10980.86,1640.46,2024,0
TP000793,74403.86,74403.86,14796.97,159.38,59606.89,12219.41,1861.52,2024,0
TP000794,21560.13,21560.13,3389.28,144.92,18170.850000000002,2725.63,1031.63,2022,0
TP000795,25214.0,25214.0,5623.68,3398.97,19590.32,2938.55,1310.04,2022,0
TP000796,139040.74,139040.74,16319.01,7673.29,122721.73,31907.65,1339.32,2023,0
TP000797,58009.14,58009.14,12600.52,6006.76,45408.619999999995,9308.77,137.23,2022,0
TP000798,103280.16,103280.16,21680.42,14999.14,81599.74,21215.93,1165.86,2023,0
TP000799,61246.05,61246.05,17924.12,3387.0,43321.93000000001,8881.0,389.05,2023,0
TP000800,61316.54,61316.54,13181.91,3202.04,48134.630000000005,9867.6,212.93,2022,0
TP000801,126833.06,126833.06,25447.0,107864.57,101386.06,26360.38,1149.79,2024,1
TP000802,39622.97,39622.97,7471.06,2988.21,32151.91,4822.79,486.55,2023,0
TP000803,64659.91,64659.91,18896.71,5933.82,45763.200000000004,9381.46,1173.65,2022,0
TP000804,41364.56,41364.56,8123.75,2132.92,33240.81,4986.12,1577.31,2022,0
TP000805,42294.11,42294.11,9955.3,1944.94,32338.81,4850.82,1910.89,2024,0
TP000806,46754.34,46754.34,9684.24,6553.26,37070.1,5560.51,574.58,2023,0
TP000807,72000.0,71518.18,38800.0,11744.35,32718.179999999993,11219.66,1788.63,2023,1
TP000808,40823.01,40823.01,5574.66,6092.07,35248.350000000006,5287.25,380.33,2024,0
TP000809,163505.99,163505.99,22879.93,24049.41,140626.06,40781.56,413.56,2022,0
TP000810,29269.88,29269.88,7814.71,4895.88,21455.170000000002,3218.28,1557.88,2022,0
TP000811,51560.06,51560.06,14645.0,6968.98,36915.06,7567.59,1227.65,2024,0
TP000812,42117.35,42117.35,12281.36,7143.19,29835.989999999998,4475.4,630.83,2024,0
TP000813,190533.31,190533.31,52159.21,18702.95,138374.1,40128.49,1832.01,2023,0
TP000814,70000.0,70069.57,12600.0,10512.81,57469.57000000001,5790.2,1004.95,2023,1
TP000815,136690.65,136690.65,37190.8,21211.76,99499.84999999999,25869.96,240.74,2024,0
TP000816,18000.0,18243.27,9400.0,2514.69,8843.27,2211.05,723.2,2023,1
TP000817,74134.79,74134.79,10188.38,3897.25,63946.409999999996,13109.01,1917.05,2023,0
TP000818,121991.25,121991.25,21127.03,12169.12,100864.22,26224.7,1401.43,2023,0
TP000819,63948.11,63948.11,11064.02,5123.43,52884.09,10841.24,1142.82,2024,0
TP000820,140418.75,140418.75,33307.66,22865.53,107111.09,27848.88,1608.18,2024,0
TP000821,40000.0,39583.56,21500.0,3015.34,18083.559999999998,4830.52,843.04,2022,1
TP000822,184882.9,184882.9,55300.76,31407.53,129582.13999999998,37578.82,1441.12,2023,0
TP000823,376667.64,376667.64,60269.4,42347.87,316398.24,91755.49,796.8,2024,0
TP000824,44789.51,44789.51,5942.15,1930.14,38847.36,5827.1,1677.94,2022,0
TP000825,41923.34,41923.34,7964.22,2805.98,33959.119999999995,5093.87,1120.7,2023,0
TP000826,191512.35,191512.35,32332.66,15771.46,159179.69,46162.11,1359.17,2024,0
TP000827,211855.08,211855.08,29615.57,24401.23,182239.50999999998,52849.46,349.08,2023,0
TP000828,39407.52,39407.52,6739.55,5305.77,32667.969999999998,4900.2,1473.05,2022,0
TP000829,42781.05,42781.05,7538.63,2451.56,35242.420000000006,5286.36,289.7,2022,0
TP000830,47790.03,47790.03,10901.68,8875.25,36888.35,5533.25,1224.62,2023,0
TP000831,20423.46,20423.46,5509.84,291.42,14913.619999999999,2237.04,456.44,2023,0
TP000832,28712.23,28712.23,6621.12,4079.63,22091.11,3313.67,790.91,2023,0
TP000833,26814.21,26814.21,6869.66,5034.47,19944.55,2991.68,1041.87,2023,0
TP000834,32395.08,32395.08,19391.91,1191.4,13003.170000000002,3971.0,1401.39,2022,1
TP000835,58000.0,58235.6,8300.0,4624.44,49935.6,5319.27,794.03,2022,1
TP000836,72000.0,72212.74,8700.0,8926.97,63512.740000000005,5515.32,568.35,2024,1
TP000837,206984.75,206984.75,25931.53,21805.53,181053.22,52505.43,70.31,2023,0
TP000838,26938.63,26938.63,7329.29,1752.1,19609.34,2941.4,1949.96,2024,0
TP000839,132000.0,131591.53,76000.0,14436.78,55591.53,24395.41,1497.82,2024,1
TP000840,50453.58,50453.58,9434.59,6455.9,41018.990000000005,8408.89,1817.85,2023,0
TP000841,57551.13,57551.13,11966.82,9262.37,45584.31,9344.78,731.57,2023,0
TP000842,102729.6,102729.6,13472.32,216.88,89257.28,23206.89,1516.59,2022,0
TP000843,24000.0,24387.41,4100.0,2288.5,20287.41,2063.98,18.27,2023,1
TP000844,81302.15,81302.15,21105.47,9707.54,60196.67999999999,12340.32,1096.42,2022,0
TP000845,68402.3,68402.3,12472.97,7668.64,55929.33,11465.51,326.54,2024,0
TP000846,88783.94,88783.94,20349.12,14710.2,68434.82,14029.14,158.42,2024,0
TP000847,75458.26,75458.26,11161.21,11538.15,64297.049999999996,13180.9,1615.15,2024,0
TP000848,426872.27,426872.27,65897.56,55361.67,360974.71,104682.67,537.64,2022,0
TP000849,35947.26,35947.26,9730.79,1311.41,26216.47,3932.47,1273.79,2024,0
TP000850,39151.83,39151.83,7460.52,5484.96,31691.31,4753.7,641.29,2022,0
TP000851,36369.57,36369.57,3997.98,3891.33,32371.59,4855.74,204.55,2023,0
TP000852,38000.0,28031.8,4800.0,3366.38,23231.8,5038.97,683.83,2023,1
TP000853,35957.4,35957.4,9246.27,3584.2,26711.13,4006.67,1393.87,2022,0
TP000854,155005.09,155005.09,25738.55,26150.79,129266.54,37487.3,112.08,2023,0
TP000855,186540.45,186540.45,21317.27,17540.28,165223.18000000002,47914.72,1683.08,2023,0
TP000856,37926.41,37926.41,10075.17,925.11,27851.240000000005,4177.69,497.92,2023,0
TP000857,30764.46,30764.46,4597.21,6119.27,26167.25,3925.09,1470.65,2022,0
TP000858,87302.33,87302.33,17829.56,17148.2,69472.77,14241.92,1362.88,2023,0
TP000859,38492.61,38492.61,11056.73,1221.07,27435.88,4115.38,1489.45,2024,0
TP000860,99344.16,99344.16,20284.61,5033.03,79059.55,16207.21,397.45,2022,0
TP000861,70000.0,70427.45,19200.0,3067.65,51227.45,4512.97,552.2,2022,1
TP000862,17808.03,17808.03,3190.52,865.79,14617.509999999998,2192.63,1162.15,2024,0
TP000863,206489.36,206489.36,40276.6,24622.3,166212.75999999998,48201.7,178.96,2022,0
TP000864,251878.51,251878.51,50371.63,34554.94,201506.88,58437.0,1939.3,2024,0
TP000865,36672.01,36672.01,4107.65,2607.51,32564.36,4884.65,1072.71,2022,0
TP000866,43907.43,43907.43,5495.7,2043.23,38411.73,5761.76,1577.12,2023,0
TP000867,75259.12,75259.12,19650.54,6603.52,55608.579999999994,11399.76,1378.5,2023,0
TP000868,78000.0,78242.28,19200.0,3923.01,59042.28,6341.9,980.18,2024,1
TP000869,101400.71,101400.71,13924.89,7050.69,87475.82,22743.71,550.65,2024,0
TP000870,298989.47,298989.47,159904.13,33159.15,139085.33999999997,62178.0,1083.21,2023,1
TP000871,51971.06,51971.06,5204.59,6631.78,46766.47,9587.13,371.07,2022,0
TP000872,31614.22,31614.22,7079.91,2301.99,24534.31,3680.15,641.39,2022,0
TP000873,19861.62,19861.62,4601.1,2140.91,15260.519999999999,2289.08,1048.14,2023,0
TP000874,33364.77,33364.77,8446.19,1028.51,24918.579999999994,3737.79,819.61,2023,0
TP000875,58000.0,58308.22,26400.0,6101.38,31908.22,10493.79,214.11,2022,1
TP000876,251612.7,251612.7,30130.8,28734.78,221481.90000000002,64229.75,1315.84,2024,0
TP000877,40000.0,39573.34,23000.0,4672.04,16573.339999999997,4601.62,1860.42,2022,1
TP000878,71612.89,71612.89,16553.31,13297.13,55059.58,11287.21,936.12,2024,0
TP000879,59092.64,59092.64,6626.65,6594.97,52465.99,10755.53,831.91,2023,0
TP000880,154927.82,154927.82,40103.05,1806.46,114824.77,33299.18,1058.04,2024,0
TP000881,452049.04,452049.04,51568.68,27475.95,400480.36,116139.3,1921.17,2022,0
TP000882,39155.84,39155.84,4708.29,1809.14,34447.549999999996,5167.13,386.24,2024,0
TP000883,40475.35,40475.35,6061.29,5062.05,34414.06,5162.11,1498.39,2023,0
TP000884,138044.13,138044.13,34403.59,21156.19,103640.54000000001,26946.54,1348.99,2024,0
TP000885,103312.45,103312.45,24076.81,18241.34,79235.64,20601.27,360.79,2023,0
TP000886,262331.92,262331.92,52712.6,34498.32,209619.31999999998,60789.6,1199.83,2023,0
TP000887,95524.93,95524.93,26794.46,10509.3,68730.47,14089.75,1689.71,2023,0
TP000888,44916.76,44916.76,11356.61,3868.12,33560.15,5034.02,1216.83,2024,0
TP000889,96040.37,96040.37,20084.47,7204.24,75955.9,15570.96,1489.16,2023,0
TP000890,145359.15,145359.15,42492.89,13009.64,102866.26,26745.23,1452.63,2023,0
TP000891,115426.1,115426.1,25295.93,11949.13,90130.17000000001,23433.84,603.68,2023,0
TP000892,89843.02,89843.02,26672.5,3860.07,63170.520000000004,12949.96,1543.05,2024,0
TP000893,140552.98,140552.98,37171.69,25836.79,103381.29000000001,26879.14,1141.34,2024,0
TP000894,152578.8,152578.8,19979.12,1151.55,132599.68,38453.91,276.82,2023,0
TP000895,180904.98,180904.98,50278.03,9040.07,130626.95000000001,37881.82,600.6,2024,0
TP000896,100606.07,100606.07,18105.03,18468.9,82501.04000000001,21450.27,1447.16,2023,0
TP000897,52381.33,52381.33,7049.51,8650.31,45331.82,9293.02,1152.46,2022,0
TP000898,67330.66,67330.66,14748.53,4045.14,52582.130000000005,10779.34,1152.57,2022,0
TP000899,157189.47,157189.47,40244.34,28981.7,116945.13,33914.09,1759.59,2023,0
TP000900,31146.32,31146.32,5709.26,5405.95,25437.059999999998,3815.56,453.44,2024,0
TP000901,80413.6,80413.6,21703.28,14935.27,58710.32000000001,12035.62,1264.39,2022,0
TP000902,43709.86,43709.86,7035.39,360.01,36674.47,5501.17,299.16,2024,0
TP000903,61266.95,61266.95,14676.73,1877.19,46590.22,9551.0,1994.73,2023,0
TP000904,167000.0,166501.82,41700.0,19156.2,124801.82,15050.53,264.38,2022,1
TP000905,69764.41,69764.41,13615.98,10399.29,56148.43000000001,11510.43,525.12,2023,0
TP000906,62000.0,62140.25,33800.0,9617.14,28340.25,10186.36,790.64,2024,1
TP000907,20173.3,20173.3,2808.52,2485.34,17364.78,2604.72,492.49,2022,0
TP000908,108771.31,108771.31,16669.36,9355.76,92101.95,23946.51,1152.04,2022,0
TP000909,100346.79,100346.79,23516.22,8500.19,76830.56999999999,19975.95,641.48,2024,0
TP000910,337933.29,337933.29,78090.29,52020.19,259843.0,75354.47,699.43,2023,0
TP000911,46806.5,46806.5,10514.45,4123.31,36292.05,5443.81,466.98,2024,0
TP000912,71347.69,71347.69,12469.02,10812.51,58878.67,12070.13,224.74,2022,0
TP000913,73094.39,73094.39,10862.53,36948.73,62231.86,12757.53,222.56,2023,1
TP000914,211496.27,211496.27,41080.63,14038.14,170415.63999999998,49420.54,423.75,2024,0
TP000915,55479.21,55479.21,11354.0,2870.03,44125.21,9045.67,1459.85,2022,0
TP000916,74848.19,74848.19,17889.78,10003.62,56958.41,11676.47,1812.08,2024,0
TP000917,97374.26,97374.26,10584.23,3316.95,86790.03,17791.96,1578.38,2024,0
TP000918,69514.27,69514.27,10723.01,6464.28,58791.26,12052.21,133.2,2024,0
TP000919,41892.12,41892.12,6462.37,7139.11,35429.75,5314.46,1728.56,2022,0
TP000920,69931.54,69931.54,11084.09,12355.54,58847.45,12063.73,1959.59,2024,0
TP000921,141337.43,141337.43,41740.11,2815.55,99597.31999999999,25895.3,1733.55,2024,0
TP000922,26338.52,26338.52,3097.52,1047.62,23241.0,3486.15,1121.38,2024,0
TP000923,66594.4,66594.4,6945.64,3294.99,59648.759999999995,12228.0,667.14,2023,0
TP000924,34197.35,34197.35,8510.97,125.66,25686.379999999997,3852.96,710.76,2023,0
TP000925,155754.65,155754.65,22933.46,30473.22,132821.19,38518.15,1623.79,2024,0
TP000926,17702.31,17702.31,2682.53,1370.76,15019.78,2252.97,1980.72,2024,0
TP000927,38286.88,38286.88,11096.43,1727.37,27190.449999999997,4078.57,785.69,2022,0
TP000928,80964.78,80964.78,9518.14,6189.06,71446.64,14646.56,1224.9,2024,0
TP000929,209487.47,209487.47,49712.35,17485.22,159775.12,46334.78,852.93,2023,0
TP000930,56806.15,56806.15,16016.33,3741.08,40789.82,8361.91,413.51,2022,0
TP000931,38401.06,38401.06,8302.54,5253.64,30098.519999999997,4514.78,276.22,2024,0
TP000932,270000.0,269662.28,161000.0,28250.12,108662.28000000003,59353.23,316.1,2022,1
TP000933,19000.0,18799.56,4000.0,15712.84,14799.560000000001,2223.61,58.97,2023,1
TP000934,10310.88,10310.88,2846.07,853.82,7464.8099999999995,1119.72,886.01,2024,0
TP000935,85136.54,85136.54,24404.39,4662.01,60732.149999999994,12450.09,213.54,2022,0
TP000936,40068.93,40068.93,4216.84,7901.24,35852.09,5377.81,1211.21,2024,0
TP000937,26450.06,26450.06,3866.53,1228.25,22583.530000000002,3387.53,718.52,2024,0
TP000938,105523.1,105523.1,27010.25,2829.85,78512.85,20413.34,937.53,2024,0
TP000939,72768.65,72768.65,12719.37,12401.66,60049.27999999999,12310.1,275.03,2022,0
TP000940,38129.25,38129.25,5538.45,3115.84,32590.8,4888.62,1850.87,2023,0
TP000941,21498.89,21498.89,3106.82,2886.61,18392.07,2758.81,409.12,2022,0
TP000942,120326.7,120326.7,34343.72,23719.46,85982.98,22355.57,979.89,2023,0
TP000943,100726.17,100726.17,27534.0,17880.65,73192.17,19029.96,1552.43,2024,0
TP000944,55307.25,55307.25,13664.56,4207.49,41642.69,8536.75,1223.01,2024,0
TP000945,262317.16,262317.16,56237.36,28128.76,206079.8,59763.14,1408.23,2022,0
TP000946,25436.29,25436.29,5192.31,2297.45,20243.98,3036.6,84.83,2022,0
TP000947,17669.23,17669.23,3599.94,1398.03,14069.289999999999,2110.39,1115.4,2024,0
TP000948,34422.77,34422.77,8710.06,6627.02,25712.71,3856.91,879.11,2023,0
TP000949,57729.94,57729.94,14705.86,3301.17,43024.08,8819.94,588.84,2022,0
TP000950,72741.81,72741.81,17311.87,13147.0,55429.94,11363.14,1292.2,2022,0
TP000951,49365.7,49365.7,12071.36,1117.36,37294.34,5594.15,1875.68,2024,0
TP000952,79351.63,79351.63,16606.82,6238.1,62744.810000000005,12862.69,49.82,2023,0
TP000953,21999.36,21999.36,4797.25,3135.5,17202.11,2580.32,909.37,2023,0
TP000954,190044.15,190044.15,31322.12,24651.63,158722.03,46029.39,327.99,2024,0
TP000955,56065.68,56065.68,6991.89,1280.15,49073.79,10060.13,725.89,2024,0
TP000956,146361.76,146361.76,35339.9,21277.31,111021.86000000002,28865.68,1224.15,2022,0
TP000957,78761.56,78761.56,13841.22,5995.44,64920.34,13308.67,1824.51,2024,0
TP000958,86284.27,86284.27,23664.42,14887.01,62619.850000000006,12837.07,289.21,2024,0
TP000959,94448.86,94448.86,10414.13,5819.22,84034.73,17227.12,1921.93,2023,0
TP000960,85662.19,85662.19,34355.67,2013.99,51306.520000000004,13604.48,24.42,2023,1
TP000961,100000.0,100125.35,27100.0,10883.65,73025.35,7498.24,951.42,2023,1
TP000962,173000.0,173394.05,32700.0,129682.52,140694.05,40811.97,1650.51,2022,1
TP000963,70067.68,70067.68,9597.03,771.64,60470.649999999994,12396.48,290.75,2022,0
TP000964,105577.76,105577.76,24641.78,17695.14,80935.98,21043.35,1840.77,2022,0
TP000965,55726.52,55726.52,6786.24,11075.48,48940.28,10032.76,568.76,2024,0
TP000966,189490.42,189490.42,45156.08,22548.18,144334.34000000003,41856.96,354.84,2023,0
TP000967,34852.71,34852.71,8708.54,21926.84,26144.17,3921.63,1640.53,2023,1
TP000968,252900.74,252900.74,67944.8,3283.96,184955.94,53637.22,244.05,2023,0
TP000969,57981.17,57981.17,9615.7,4798.03,48365.47,9914.92,418.1,2022,0
TP000970,19060.62,19060.62,2322.74,2781.82,16737.879999999997,2510.68,1974.38,2023,0
TP000971,66335.7,66335.7,16239.96,8023.67,50095.74,10269.63,1413.61,2023,0
TP000972,34723.04,34723.04,7700.49,2197.89,27022.550000000003,4053.38,1990.05,2023,0
TP000973,117302.91,117302.91,33480.72,14411.6,83822.19,21793.77,1458.37,2023,0
TP000974,35521.76,35521.76,7051.1,1278.12,28470.660000000003,4270.6,1417.17,2022,0
TP000975,41900.51,41900.51,4203.3,201.01,37697.21,5654.58,235.85,2022,0
TP000976,13205.22,13205.22,3432.21,2638.37,9773.009999999998,1465.95,667.58,2024,0
TP000977,41695.77,41695.77,10891.3,1770.72,30804.469999999998,4620.67,1380.03,2023,0
TP000978,8611.87,8611.87,2222.2,530.1,6389.670000000001,958.45,647.85,2022,0
TP000979,16863.01,16863.01,2070.23,1124.03,14792.779999999999,2218.92,1137.84,2022,0
TP000980,110010.57,110010.57,29307.76,4268.75,80702.81000000001,20982.73,1844.56,2023,0
TP000981,112267.55,112267.55,31797.83,17901.16,80469.72,20922.13,962.99,2024,0
TP000982,84150.83,84150.83,16167.36,14561.87,67983.47,13936.61,924.94,2023,0
TP000983,27623.42,27623.42,7888.09,309.51,19735.329999999998,2960.3,1129.89,2024,0
TP000984,57631.87,57631.87,9399.79,6176.82,48232.08,9887.58,1370.99,2023,0
TP000985,59701.83,59701.83,6760.79,1782.76,52941.04,10852.91,678.3,2023,0
TP000986,23701.85,23701.85,5340.08,3993.32,18361.769999999997,2754.27,779.13,2024,0
TP000987,199330.32,199330.32,24591.17,31188.97,174739.15000000002,50674.35,1715.64,2024,0
TP000988,120799.79,120799.79,12844.12,9999.07,107955.67,28068.47,475.28,2023,0
TP000989,50172.82,50172.82,13340.53,3036.75,36832.29,7550.62,350.03,2023,0
TP000990,61175.9,61175.9,15721.52,9516.41,45454.380000000005,9318.15,887.55,2022,0
TP000991,70735.74,70735.74,18377.5,12802.54,52358.240000000005,10733.44,680.23,2023,0
TP000992,11691.44,11691.44,2881.8,1224.39,8809.64,1321.45,286.59,2022,0
TP000993,49131.62,49131.62,12991.76,9217.33,36139.86,5420.98,265.43,2024,0
TP000994,34697.14,34697.14,3723.37,2689.64,30973.77,4646.07,231.67,2023,0
TP000995,26868.34,26868.34,7696.91,3691.99,19171.43,2875.71,174.15,2023,0
TP000996,47816.2,47816.2,13285.12,986.0,34531.079999999994,5179.66,1491.11,2022,0
TP000997,252243.26,252243.26,54361.44,15747.19,197881.82,57385.73,641.76,2022,0
TP000998,99974.89,99974.89,15727.4,10642.84,84247.49,17270.74,1342.25,2023,0
TP000999,38000.0,28105.7,4900.0,2074.89,23205.7,4948.45,636.97,2022,1
TP001000,94661.84,94661.84,27324.67,15221.68,67337.17,13804.12,342.55,2023,0
